Date,Time,Away,A-Pts,Home,H-Pts,OT
"Tue, Nov 2, 2004",8:00p,Houston Rockets,79,Detroit Pistons,87,
"Tue, Nov 2, 2004",8:30p,Sacramento Kings,98,Dallas Mavericks,107,
"Tue, Nov 2, 2004",10:30p,Denver Nuggets,78,Los Angeles Lakers,89,
"Wed, Nov 3, 2004",7:00p,Indiana Pacers,109,Cleveland Cavaliers,104,2OT
"Wed, Nov 3, 2004",7:00p,Milwaukee Bucks,92,Orlando Magic,93,
"Wed, Nov 3, 2004",7:00p,Houston Rockets,88,Toronto Raptors,95,
"Wed, Nov 3, 2004",7:30p,Philadelphia 76ers,98,Boston Celtics,95,
"Wed, Nov 3, 2004",8:00p,Washington Wizards,103,Memphis Grizzlies,91,
"Wed, Nov 3, 2004",8:00p,New York Knicks,93,Minnesota Timberwolves,99,
"Wed, Nov 3, 2004",8:00p,Miami Heat,100,New Jersey Nets,77,
"Wed, Nov 3, 2004",8:00p,Dallas Mavericks,106,New Orleans Hornets,91,
"Wed, Nov 3, 2004",8:30p,Sacramento Kings,85,San Antonio Spurs,101,
"Wed, Nov 3, 2004",9:00p,Atlanta Hawks,82,Phoenix Suns,112,
"Wed, Nov 3, 2004",10:30p,Portland Trail Blazers,78,Golden State Warriors,75,
"Wed, Nov 3, 2004",10:30p,Seattle SuperSonics,84,Los Angeles Clippers,114,
"Wed, Nov 3, 2004",10:30p,Los Angeles Lakers,78,Utah Jazz,104,
"Thu, Nov 4, 2004",7:00p,Washington Wizards,103,Charlotte Bobcats,96,
"Thu, Nov 4, 2004",8:00p,Cleveland Cavaliers,86,Miami Heat,92,
"Thu, Nov 4, 2004",10:30p,Minnesota Timberwolves,92,Denver Nuggets,94,OT
"Fri, Nov 5, 2004",7:00p,Phoenix Suns,108,Philadelphia 76ers,98,
"Fri, Nov 5, 2004",7:00p,Detroit Pistons,89,Toronto Raptors,101,
"Fri, Nov 5, 2004",7:30p,Indiana Pacers,100,Boston Celtics,94,
"Fri, Nov 5, 2004",8:00p,Houston Rockets,89,Memphis Grizzlies,81,
"Fri, Nov 5, 2004",8:00p,Orlando Magic,90,New Orleans Hornets,89,
"Fri, Nov 5, 2004",8:30p,New Jersey Nets,111,Chicago Bulls,106,2OT
"Fri, Nov 5, 2004",10:00p,Los Angeles Clippers,81,Portland Trail Blazers,94,
"Fri, Nov 5, 2004",10:30p,Utah Jazz,102,Golden State Warriors,80,
"Fri, Nov 5, 2004",10:30p,San Antonio Spurs,105,Los Angeles Lakers,96,
"Fri, Nov 5, 2004",10:30p,Atlanta Hawks,85,Seattle SuperSonics,106,
"Sat, Nov 6, 2004",7:00p,Orlando Magic,100,Charlotte Bobcats,111,
"Sat, Nov 6, 2004",7:00p,Miami Heat,118,Washington Wizards,106,
"Sat, Nov 6, 2004",7:30p,Philadelphia 76ers,91,Detroit Pistons,99,
"Sat, Nov 6, 2004",7:30p,Boston Celtics,107,New York Knicks,73,
"Sat, Nov 6, 2004",8:00p,Chicago Bulls,90,Indiana Pacers,100,
"Sat, Nov 6, 2004",8:00p,New Orleans Hornets,92,Minnesota Timberwolves,99,
"Sat, Nov 6, 2004",8:00p,Phoenix Suns,112,New Jersey Nets,80,
"Sat, Nov 6, 2004",8:30p,Memphis Grizzlies,88,Dallas Mavericks,112,
"Sat, Nov 6, 2004",8:30p,Sacramento Kings,101,Houston Rockets,104,OT
"Sat, Nov 6, 2004",8:30p,Cleveland Cavaliers,88,Milwaukee Bucks,102,
"Sat, Nov 6, 2004",9:00p,Utah Jazz,106,Denver Nuggets,82,
"Sat, Nov 6, 2004",10:30p,Los Angeles Clippers,94,Golden State Warriors,86,
"Sun, Nov 7, 2004",12:30p,Portland Trail Blazers,97,Toronto Raptors,101,
"Sun, Nov 7, 2004",8:00p,San Antonio Spurs,94,Seattle SuperSonics,113,
"Sun, Nov 7, 2004",9:30p,Atlanta Hawks,90,Los Angeles Lakers,106,
"Mon, Nov 8, 2004",8:30p,Golden State Warriors,98,Dallas Mavericks,101,OT
"Mon, Nov 8, 2004",9:00p,Denver Nuggets,91,Utah Jazz,102,
"Mon, Nov 8, 2004",10:30p,Detroit Pistons,99,Los Angeles Clippers,96,2OT
"Tue, Nov 9, 2004",7:00p,Dallas Mavericks,84,Orlando Magic,94,
"Tue, Nov 9, 2004",7:30p,Cleveland Cavaliers,93,Atlanta Hawks,79,
"Tue, Nov 9, 2004",7:30p,Washington Wizards,93,Miami Heat,103,
"Tue, Nov 9, 2004",7:30p,Portland Trail Blazers,60,New Jersey Nets,64,
"Tue, Nov 9, 2004",7:30p,Philadelphia 76ers,88,New York Knicks,96,
"Tue, Nov 9, 2004",8:00p,Indiana Pacers,102,Minnesota Timberwolves,101,
"Tue, Nov 9, 2004",8:00p,Los Angeles Lakers,106,New Orleans Hornets,98,
"Tue, Nov 9, 2004",8:30p,Phoenix Suns,94,Chicago Bulls,74,
"Tue, Nov 9, 2004",8:30p,Memphis Grizzlies,87,Houston Rockets,90,
"Tue, Nov 9, 2004",9:00p,Seattle SuperSonics,108,Denver Nuggets,88,
"Tue, Nov 9, 2004",10:00p,Toronto Raptors,92,Sacramento Kings,108,
"Wed, Nov 10, 2004",7:00p,Portland Trail Blazers,88,Boston Celtics,90,
"Wed, Nov 10, 2004",7:00p,Los Angeles Clippers,102,Indiana Pacers,68,
"Wed, Nov 10, 2004",7:00p,New Jersey Nets,100,Philadelphia 76ers,108,OT
"Wed, Nov 10, 2004",7:00p,Orlando Magic,96,Washington Wizards,106,
"Wed, Nov 10, 2004",8:00p,Phoenix Suns,109,Cleveland Cavaliers,114,OT
"Wed, Nov 10, 2004",8:00p,Los Angeles Lakers,87,Memphis Grizzlies,110,
"Wed, Nov 10, 2004",8:00p,Charlotte Bobcats,100,Milwaukee Bucks,102,
"Wed, Nov 10, 2004",8:30p,Golden State Warriors,71,San Antonio Spurs,91,
"Wed, Nov 10, 2004",9:00p,Toronto Raptors,104,Utah Jazz,95,
"Wed, Nov 10, 2004",10:30p,Sacramento Kings,78,Seattle SuperSonics,108,
"Thu, Nov 11, 2004",8:00p,Dallas Mavericks,113,Miami Heat,93,
"Thu, Nov 11, 2004",8:30p,Minnesota Timberwolves,96,Houston Rockets,91,
"Thu, Nov 11, 2004",10:30p,Detroit Pistons,109,Denver Nuggets,117,
"Fri, Nov 12, 2004",7:00p,Los Angeles Lakers,113,Orlando Magic,122,
"Fri, Nov 12, 2004",7:00p,Indiana Pacers,104,Philadelphia 76ers,106,OT
"Fri, Nov 12, 2004",7:30p,Charlotte Bobcats,74,Boston Celtics,91,
"Fri, Nov 12, 2004",7:30p,Los Angeles Clippers,96,New York Knicks,110,
"Fri, Nov 12, 2004",8:00p,Golden State Warriors,67,Memphis Grizzlies,96,
"Fri, Nov 12, 2004",8:00p,Atlanta Hawks,96,New Orleans Hornets,95,
"Fri, Nov 12, 2004",8:00p,Miami Heat,84,San Antonio Spurs,93,
"Fri, Nov 12, 2004",10:30p,Toronto Raptors,87,Seattle SuperSonics,88,
"Sat, Nov 13, 2004",1:00p,Washington Wizards,74,Cleveland Cavaliers,105,
"Sat, Nov 13, 2004",1:00p,Dallas Mavericks,94,New Jersey Nets,78,
"Sat, Nov 13, 2004",7:00p,San Antonio Spurs,103,Atlanta Hawks,88,
"Sat, Nov 13, 2004",7:00p,Golden State Warriors,103,Charlotte Bobcats,87,
"Sat, Nov 13, 2004",8:00p,New York Knicks,97,Indiana Pacers,103,
"Sat, Nov 13, 2004",8:30p,Los Angeles Clippers,97,Chicago Bulls,96,
"Sat, Nov 13, 2004",8:30p,Los Angeles Lakers,84,Houston Rockets,79,
"Sat, Nov 13, 2004",8:30p,New Orleans Hornets,91,Milwaukee Bucks,94,
"Sat, Nov 13, 2004",9:00p,Sacramento Kings,113,Phoenix Suns,111,
"Sat, Nov 13, 2004",9:00p,Detroit Pistons,93,Utah Jazz,108,
"Sat, Nov 13, 2004",10:00p,Toronto Raptors,102,Portland Trail Blazers,105,
"Sun, Nov 14, 2004",1:00p,Dallas Mavericks,122,Washington Wizards,113,
"Sun, Nov 14, 2004",2:00p,Orlando Magic,87,Philadelphia 76ers,96,
"Sun, Nov 14, 2004",6:00p,Milwaukee Bucks,110,Miami Heat,112,2OT
"Sun, Nov 14, 2004",8:00p,Memphis Grizzlies,113,Seattle SuperSonics,118,
"Sun, Nov 14, 2004",9:00p,Denver Nuggets,89,Sacramento Kings,101,
"Mon, Nov 15, 2004",7:00p,Golden State Warriors,88,Cleveland Cavaliers,99,
"Mon, Nov 15, 2004",7:30p,Houston Rockets,80,New Jersey Nets,69,
"Tue, Nov 16, 2004",7:00p,Utah Jazz,107,Charlotte Bobcats,105,
"Tue, Nov 16, 2004",7:00p,Seattle SuperSonics,103,Philadelphia 76ers,95,
"Tue, Nov 16, 2004",7:30p,Houston Rockets,84,Atlanta Hawks,88,
"Tue, Nov 16, 2004",8:00p,Miami Heat,97,Minnesota Timberwolves,108,
"Tue, Nov 16, 2004",8:30p,Phoenix Suns,107,Dallas Mavericks,101,
"Tue, Nov 16, 2004",8:30p,New York Knicks,81,San Antonio Spurs,99,
"Tue, Nov 16, 2004",10:00p,Chicago Bulls,106,Sacramento Kings,113,
"Tue, Nov 16, 2004",10:30p,Toronto Raptors,89,Los Angeles Clippers,101,
"Wed, Nov 17, 2004",7:00p,Atlanta Hawks,86,Indiana Pacers,93,
"Wed, Nov 17, 2004",7:00p,Utah Jazz,92,Orlando Magic,107,
"Wed, Nov 17, 2004",7:00p,Boston Celtics,105,Washington Wizards,110,OT
"Wed, Nov 17, 2004",7:30p,Minnesota Timberwolves,85,Detroit Pistons,93,
"Wed, Nov 17, 2004",7:30p,Seattle SuperSonics,79,New Jersey Nets,68,
"Wed, Nov 17, 2004",8:00p,Phoenix Suns,95,New Orleans Hornets,84,
"Wed, Nov 17, 2004",9:00p,Toronto Raptors,106,Denver Nuggets,112,
"Wed, Nov 17, 2004",9:00p,Miami Heat,113,Milwaukee Bucks,106,
"Wed, Nov 17, 2004",10:00p,Memphis Grizzlies,101,Portland Trail Blazers,82,
"Wed, Nov 17, 2004",10:30p,Chicago Bulls,85,Golden State Warriors,98,
"Wed, Nov 17, 2004",10:30p,Los Angeles Clippers,89,Los Angeles Lakers,103,
"Thu, Nov 18, 2004",7:00p,Cleveland Cavaliers,106,Charlotte Bobcats,89,
"Thu, Nov 18, 2004",7:00p,San Antonio Spurs,88,Philadelphia 76ers,80,
"Thu, Nov 18, 2004",9:30p,New York Knicks,93,Houston Rockets,92,
"Fri, Nov 19, 2004",7:00p,Seattle SuperSonics,101,Toronto Raptors,94,
"Fri, Nov 19, 2004",7:30p,San Antonio Spurs,92,Boston Celtics,84,
"Fri, Nov 19, 2004",7:30p,Utah Jazz,105,Miami Heat,107,OT
"Fri, Nov 19, 2004",8:00p,Indiana Pacers,97,Detroit Pistons,82,
"Fri, Nov 19, 2004",8:30p,New York Knicks,101,Dallas Mavericks,103,
"Fri, Nov 19, 2004",9:00p,Chicago Bulls,81,Denver Nuggets,99,
"Fri, Nov 19, 2004",9:00p,Los Angeles Lakers,102,Phoenix Suns,107,
"Fri, Nov 19, 2004",10:00p,Milwaukee Bucks,98,Portland Trail Blazers,110,
"Fri, Nov 19, 2004",10:30p,Memphis Grizzlies,105,Sacramento Kings,107,
"Sat, Nov 20, 2004",3:30p,Houston Rockets,91,Los Angeles Clippers,86,OT
"Sat, Nov 20, 2004",7:00p,Utah Jazz,92,Atlanta Hawks,79,
"Sat, Nov 20, 2004",7:30p,Charlotte Bobcats,84,Cleveland Cavaliers,100,
"Sat, Nov 20, 2004",8:00p,Orlando Magic,86,Indiana Pacers,83,
"Sat, Nov 20, 2004",8:00p,Washington Wizards,97,New Jersey Nets,86,
"Sat, Nov 20, 2004",8:00p,Minnesota Timberwolves,99,New Orleans Hornets,94,
"Sat, Nov 20, 2004",10:30p,Memphis Grizzlies,100,Golden State Warriors,87,
"Sun, Nov 21, 2004",1:00p,San Antonio Spurs,91,Toronto Raptors,96,
"Sun, Nov 21, 2004",3:30p,Phoenix Suns,122,Los Angeles Clippers,111,
"Sun, Nov 21, 2004",6:00p,Seattle SuperSonics,83,Boston Celtics,102,
"Sun, Nov 21, 2004",6:00p,Charlotte Bobcats,116,Detroit Pistons,117,2OT
"Sun, Nov 21, 2004",6:00p,Philadelphia 76ers,83,Miami Heat,93,
"Sun, Nov 21, 2004",7:30p,Cleveland Cavaliers,88,New York Knicks,98,
"Sun, Nov 21, 2004",8:00p,Houston Rockets,97,Portland Trail Blazers,93,
"Sun, Nov 21, 2004",9:00p,Dallas Mavericks,82,Denver Nuggets,110,
"Sun, Nov 21, 2004",9:00p,Milwaukee Bucks,79,Sacramento Kings,88,
"Sun, Nov 21, 2004",9:30p,Chicago Bulls,93,Los Angeles Lakers,102,
"Mon, Nov 22, 2004",8:00p,San Antonio Spurs,90,Memphis Grizzlies,93,
"Mon, Nov 22, 2004",8:30p,Minnesota Timberwolves,83,Dallas Mavericks,82,
"Mon, Nov 22, 2004",9:00p,Chicago Bulls,82,Phoenix Suns,100,
"Mon, Nov 22, 2004",9:00p,New Orleans Hornets,76,Utah Jazz,75,
"Tue, Nov 23, 2004",7:00p,Detroit Pistons,89,Charlotte Bobcats,91,
"Tue, Nov 23, 2004",7:00p,Boston Celtics,96,Indiana Pacers,106,
"Tue, Nov 23, 2004",7:00p,Toronto Raptors,86,Washington Wizards,102,
"Tue, Nov 23, 2004",7:30p,Portland Trail Blazers,99,Miami Heat,87,
"Tue, Nov 23, 2004",7:30p,Atlanta Hawks,88,New York Knicks,104,
"Tue, Nov 23, 2004",8:00p,Seattle SuperSonics,103,Minnesota Timberwolves,92,
"Tue, Nov 23, 2004",9:00p,New Jersey Nets,88,Denver Nuggets,90,
"Tue, Nov 23, 2004",10:00p,Houston Rockets,96,Sacramento Kings,102,
"Tue, Nov 23, 2004",10:30p,New Orleans Hornets,109,Golden State Warriors,115,3OT
"Tue, Nov 23, 2004",10:30p,Milwaukee Bucks,96,Los Angeles Lakers,100,
"Wed, Nov 24, 2004",7:00p,Detroit Pistons,76,Cleveland Cavaliers,92,
"Wed, Nov 24, 2004",7:00p,Portland Trail Blazers,89,Orlando Magic,83,
"Wed, Nov 24, 2004",7:00p,Boston Celtics,97,Philadelphia 76ers,110,
"Wed, Nov 24, 2004",7:00p,New York Knicks,91,Toronto Raptors,114,
"Wed, Nov 24, 2004",7:30p,Miami Heat,99,Atlanta Hawks,93,
"Wed, Nov 24, 2004",8:00p,Seattle SuperSonics,93,Memphis Grizzlies,84,
"Wed, Nov 24, 2004",8:30p,Dallas Mavericks,80,San Antonio Spurs,94,
"Wed, Nov 24, 2004",9:00p,Milwaukee Bucks,104,Phoenix Suns,111,
"Wed, Nov 24, 2004",9:00p,Chicago Bulls,101,Utah Jazz,99,
"Thu, Nov 25, 2004",8:00p,Minnesota Timberwolves,102,Indiana Pacers,106,
"Thu, Nov 25, 2004",10:30p,New Jersey Nets,88,Los Angeles Clippers,101,
"Fri, Nov 26, 2004",1:00p,Portland Trail Blazers,83,Dallas Mavericks,92,
"Fri, Nov 26, 2004",1:00p,Washington Wizards,114,Philadelphia 76ers,116,OT
"Fri, Nov 26, 2004",7:30p,Orlando Magic,117,Atlanta Hawks,99,
"Fri, Nov 26, 2004",7:30p,Cleveland Cavaliers,98,Boston Celtics,96,
"Fri, Nov 26, 2004",8:00p,Miami Heat,77,Detroit Pistons,78,
"Fri, Nov 26, 2004",8:00p,Charlotte Bobcats,77,Indiana Pacers,82,
"Fri, Nov 26, 2004",8:00p,Memphis Grizzlies,90,Minnesota Timberwolves,115,
"Fri, Nov 26, 2004",9:00p,San Antonio Spurs,89,Denver Nuggets,75,
"Fri, Nov 26, 2004",9:00p,New Orleans Hornets,86,Phoenix Suns,95,
"Fri, Nov 26, 2004",9:00p,Houston Rockets,80,Utah Jazz,90,
"Fri, Nov 26, 2004",10:30p,Los Angeles Clippers,98,Golden State Warriors,87,
"Fri, Nov 26, 2004",10:30p,Sacramento Kings,109,Los Angeles Lakers,106,
"Fri, Nov 26, 2004",10:30p,New Jersey Nets,79,Seattle SuperSonics,92,
"Sat, Nov 27, 2004",1:00p,Toronto Raptors,102,New York Knicks,108,
"Sat, Nov 27, 2004",7:00p,Atlanta Hawks,92,Charlotte Bobcats,107,
"Sat, Nov 27, 2004",7:00p,Philadelphia 76ers,99,Orlando Magic,105,
"Sat, Nov 27, 2004",7:30p,Chicago Bulls,74,Cleveland Cavaliers,96,
"Sat, Nov 27, 2004",8:00p,Dallas Mavericks,98,Memphis Grizzlies,85,
"Sat, Nov 27, 2004",8:30p,Denver Nuggets,82,Houston Rockets,76,
"Sat, Nov 27, 2004",8:30p,Utah Jazz,76,San Antonio Spurs,109,
"Sat, Nov 27, 2004",9:00p,Detroit Pistons,90,Milwaukee Bucks,96,
"Sun, Nov 28, 2004",3:00p,Washington Wizards,114,Toronto Raptors,109,OT
"Sun, Nov 28, 2004",3:30p,Golden State Warriors,91,Los Angeles Clippers,103,
"Sun, Nov 28, 2004",6:00p,Boston Celtics,104,Miami Heat,106,
"Sun, Nov 28, 2004",6:00p,New Jersey Nets,71,Portland Trail Blazers,83,
"Sun, Nov 28, 2004",9:00p,Minnesota Timberwolves,121,Sacramento Kings,110,
"Sun, Nov 28, 2004",9:00p,Indiana Pacers,95,Seattle SuperSonics,103,
"Sun, Nov 28, 2004",9:30p,New Orleans Hornets,76,Los Angeles Lakers,89,
"Mon, Nov 29, 2004",7:00p,Boston Celtics,117,Orlando Magic,101,
"Mon, Nov 29, 2004",9:00p,New Orleans Hornets,67,Denver Nuggets,76,
"Mon, Nov 29, 2004",10:30p,Cleveland Cavaliers,82,Los Angeles Clippers,94,
"Tue, Nov 30, 2004",7:30p,New York Knicks,110,Atlanta Hawks,109,OT
"Tue, Nov 30, 2004",7:30p,Toronto Raptors,94,Miami Heat,92,
"Tue, Nov 30, 2004",7:30p,Charlotte Bobcats,86,New Jersey Nets,99,
"Tue, Nov 30, 2004",8:00p,Sacramento Kings,98,Memphis Grizzlies,93,
"Tue, Nov 30, 2004",8:00p,Los Angeles Lakers,95,Milwaukee Bucks,90,
"Tue, Nov 30, 2004",8:30p,San Antonio Spurs,107,Dallas Mavericks,89,
"Tue, Nov 30, 2004",8:30p,Detroit Pistons,93,Houston Rockets,72,
"Tue, Nov 30, 2004",9:00p,Phoenix Suns,115,Utah Jazz,102,
"Tue, Nov 30, 2004",10:00p,Seattle SuperSonics,94,Portland Trail Blazers,100,
"Wed, Dec 1, 2004",7:00p,Milwaukee Bucks,100,Boston Celtics,101,
"Wed, Dec 1, 2004",7:00p,Toronto Raptors,108,Orlando Magic,129,
"Wed, Dec 1, 2004",7:00p,New Jersey Nets,68,Washington Wizards,95,
"Wed, Dec 1, 2004",7:30p,Memphis Grizzlies,82,New York Knicks,90,
"Wed, Dec 1, 2004",8:00p,Sacramento Kings,94,New Orleans Hornets,81,
"Wed, Dec 1, 2004",8:30p,Los Angeles Lakers,84,Chicago Bulls,92,
"Wed, Dec 1, 2004",8:30p,Philadelphia 76ers,72,San Antonio Spurs,105,
"Wed, Dec 1, 2004",9:00p,Cleveland Cavaliers,101,Phoenix Suns,120,
"Wed, Dec 1, 2004",10:00p,Utah Jazz,119,Seattle SuperSonics,129,OT
"Wed, Dec 1, 2004",10:30p,Minnesota Timberwolves,107,Golden State Warriors,99,
"Wed, Dec 1, 2004",10:30p,Indiana Pacers,76,Los Angeles Clippers,88,
"Thu, Dec 2, 2004",8:00p,Houston Rockets,106,Dallas Mavericks,113,OT
"Thu, Dec 2, 2004",10:30p,Cleveland Cavaliers,92,Denver Nuggets,73,
"Fri, Dec 3, 2004",7:30p,Washington Wizards,114,Atlanta Hawks,90,
"Fri, Dec 3, 2004",7:30p,Toronto Raptors,89,Boston Celtics,91,
"Fri, Dec 3, 2004",7:30p,Orlando Magic,104,New York Knicks,98,
"Fri, Dec 3, 2004",8:00p,Philadelphia 76ers,86,Memphis Grizzlies,94,
"Fri, Dec 3, 2004",8:00p,Detroit Pistons,77,San Antonio Spurs,80,
"Fri, Dec 3, 2004",8:30p,Miami Heat,105,Chicago Bulls,81,
"Fri, Dec 3, 2004",9:00p,Minnesota Timberwolves,97,Phoenix Suns,93,
"Fri, Dec 3, 2004",10:30p,Golden State Warriors,88,Los Angeles Lakers,97,
"Fri, Dec 3, 2004",10:30p,Indiana Pacers,87,Sacramento Kings,113,
"Sat, Dec 4, 2004",7:00p,New York Knicks,101,Charlotte Bobcats,107,
"Sat, Dec 4, 2004",7:00p,Memphis Grizzlies,91,Orlando Magic,96,
"Sat, Dec 4, 2004",7:30p,Toronto Raptors,97,Cleveland Cavaliers,105,
"Sat, Dec 4, 2004",7:30p,Atlanta Hawks,88,New Jersey Nets,109,
"Sat, Dec 4, 2004",8:00p,Detroit Pistons,92,New Orleans Hornets,69,
"Sat, Dec 4, 2004",8:00p,Chicago Bulls,88,Washington Wizards,95,
"Sat, Dec 4, 2004",8:30p,Utah Jazz,86,Dallas Mavericks,109,
"Sat, Dec 4, 2004",8:30p,Philadelphia 76ers,76,Houston Rockets,77,
"Sat, Dec 4, 2004",8:30p,San Antonio Spurs,104,Milwaukee Bucks,83,
"Sat, Dec 4, 2004",9:00p,Miami Heat,95,Denver Nuggets,104,
"Sat, Dec 4, 2004",10:30p,Indiana Pacers,96,Golden State Warriors,104,
"Sat, Dec 4, 2004",10:30p,Minnesota Timberwolves,107,Los Angeles Clippers,100,OT
"Sat, Dec 4, 2004",10:30p,Portland Trail Blazers,89,Seattle SuperSonics,99,
"Sun, Dec 5, 2004",9:00p,Phoenix Suns,121,Portland Trail Blazers,99,
"Sun, Dec 5, 2004",9:00p,Boston Celtics,105,Sacramento Kings,119,
"Mon, Dec 6, 2004",7:30p,Philadelphia 76ers,92,Atlanta Hawks,96,
"Mon, Dec 6, 2004",7:30p,Toronto Raptors,86,New Jersey Nets,88,
"Mon, Dec 6, 2004",8:30p,San Antonio Spurs,91,Chicago Bulls,75,
"Mon, Dec 6, 2004",8:30p,Detroit Pistons,101,Dallas Mavericks,85,
"Mon, Dec 6, 2004",9:00p,Orlando Magic,102,Denver Nuggets,115,
"Mon, Dec 6, 2004",9:00p,Miami Heat,100,Utah Jazz,80,
"Mon, Dec 6, 2004",10:30p,Boston Celtics,106,Golden State Warriors,110,
"Mon, Dec 6, 2004",10:30p,Charlotte Bobcats,93,Los Angeles Clippers,99,2OT
"Tue, Dec 7, 2004",7:00p,New Jersey Nets,97,Cleveland Cavaliers,103,
"Tue, Dec 7, 2004",7:00p,Milwaukee Bucks,89,Indiana Pacers,86,
"Tue, Dec 7, 2004",8:00p,New York Knicks,88,Memphis Grizzlies,96,
"Tue, Dec 7, 2004",8:00p,Dallas Mavericks,97,Minnesota Timberwolves,87,
"Tue, Dec 7, 2004",8:30p,New Orleans Hornets,81,Houston Rockets,89,
"Tue, Dec 7, 2004",9:00p,Golden State Warriors,104,Phoenix Suns,118,
"Tue, Dec 7, 2004",10:00p,Charlotte Bobcats,92,Sacramento Kings,109,
"Wed, Dec 8, 2004",7:00p,Minnesota Timberwolves,119,Philadelphia 76ers,84,
"Wed, Dec 8, 2004",7:00p,Denver Nuggets,111,Washington Wizards,105,
"Wed, Dec 8, 2004",7:30p,Memphis Grizzlies,97,Atlanta Hawks,89,
"Wed, Dec 8, 2004",7:30p,Toronto Raptors,86,Detroit Pistons,90,OT
"Wed, Dec 8, 2004",8:00p,Miami Heat,101,Milwaukee Bucks,96,
"Wed, Dec 8, 2004",8:00p,New York Knicks,86,New Orleans Hornets,79,
"Wed, Dec 8, 2004",8:30p,Cleveland Cavaliers,85,Chicago Bulls,113,
"Wed, Dec 8, 2004",8:30p,Seattle SuperSonics,102,San Antonio Spurs,96,
"Wed, Dec 8, 2004",9:00p,Orlando Magic,106,Utah Jazz,100,
"Wed, Dec 8, 2004",10:30p,Phoenix Suns,113,Los Angeles Lakers,110,
"Thu, Dec 9, 2004",8:00p,San Antonio Spurs,80,Houston Rockets,81,
"Thu, Dec 9, 2004",8:30p,Seattle SuperSonics,107,Dallas Mavericks,102,
"Thu, Dec 9, 2004",10:30p,Boston Celtics,87,Portland Trail Blazers,89,
"Fri, Dec 10, 2004",7:00p,Denver Nuggets,101,Toronto Raptors,87,
"Fri, Dec 10, 2004",7:00p,New York Knicks,104,Washington Wizards,106,
"Fri, Dec 10, 2004",7:30p,Memphis Grizzlies,84,Miami Heat,92,
"Fri, Dec 10, 2004",7:30p,New Orleans Hornets,91,New Jersey Nets,94,OT
"Fri, Dec 10, 2004",8:00p,Philadelphia 76ers,93,Chicago Bulls,88,
"Fri, Dec 10, 2004",8:00p,Atlanta Hawks,88,Detroit Pistons,72,
"Fri, Dec 10, 2004",8:00p,Sacramento Kings,105,Minnesota Timberwolves,113,
"Fri, Dec 10, 2004",8:30p,Indiana Pacers,86,Milwaukee Bucks,95,
"Fri, Dec 10, 2004",9:00p,Charlotte Bobcats,106,Phoenix Suns,115,
"Fri, Dec 10, 2004",10:30p,Orlando Magic,113,Golden State Warriors,109,
"Fri, Dec 10, 2004",10:30p,Portland Trail Blazers,87,Utah Jazz,92,OT
"Sat, Dec 11, 2004",7:00p,New Jersey Nets,95,Atlanta Hawks,90,
"Sat, Dec 11, 2004",8:00p,Sacramento Kings,97,Indiana Pacers,92,OT
"Sat, Dec 11, 2004",8:00p,Detroit Pistons,68,Memphis Grizzlies,72,
"Sat, Dec 11, 2004",8:30p,Minnesota Timberwolves,88,Chicago Bulls,99,
"Sat, Dec 11, 2004",8:30p,Dallas Mavericks,102,Houston Rockets,78,
"Sat, Dec 11, 2004",8:30p,Cleveland Cavaliers,97,San Antonio Spurs,116,
"Sat, Dec 11, 2004",10:00p,Boston Celtics,98,Seattle SuperSonics,84,
"Sat, Dec 11, 2004",10:30p,Los Angeles Lakers,89,Los Angeles Clippers,87,
"Sun, Dec 12, 2004",12:00p,Denver Nuggets,96,New York Knicks,107,
"Sun, Dec 12, 2004",1:00p,Miami Heat,106,Toronto Raptors,98,
"Sun, Dec 12, 2004",1:00p,New Orleans Hornets,69,Washington Wizards,88,
"Sun, Dec 12, 2004",2:00p,Milwaukee Bucks,101,Philadelphia 76ers,107,
"Sun, Dec 12, 2004",8:00p,Utah Jazz,88,Portland Trail Blazers,98,
"Sun, Dec 12, 2004",9:00p,Charlotte Bobcats,87,Golden State Warriors,99,
"Sun, Dec 12, 2004",9:30p,Orlando Magic,98,Los Angeles Lakers,105,
"Mon, Dec 13, 2004",7:30p,Washington Wizards,83,Miami Heat,106,
"Mon, Dec 13, 2004",8:00p,Cleveland Cavaliers,92,Memphis Grizzlies,86,
"Mon, Dec 13, 2004",8:30p,Dallas Mavericks,94,Chicago Bulls,93,
"Mon, Dec 13, 2004",9:00p,Orlando Magic,100,Phoenix Suns,121,
"Mon, Dec 13, 2004",10:30p,Boston Celtics,134,Los Angeles Clippers,127,2OT
"Tue, Dec 14, 2004",7:00p,New Orleans Hornets,93,Charlotte Bobcats,94,OT
"Tue, Dec 14, 2004",7:00p,Denver Nuggets,102,Philadelphia 76ers,110,
"Tue, Dec 14, 2004",7:30p,Indiana Pacers,108,Atlanta Hawks,97,OT
"Tue, Dec 14, 2004",7:30p,New York Knicks,87,New Jersey Nets,79,
"Tue, Dec 14, 2004",8:00p,Sacramento Kings,89,Milwaukee Bucks,86,
"Tue, Dec 14, 2004",8:00p,Portland Trail Blazers,89,Minnesota Timberwolves,100,
"Tue, Dec 14, 2004",8:30p,Golden State Warriors,111,Dallas Mavericks,107,
"Tue, Dec 14, 2004",9:00p,Los Angeles Clippers,91,Utah Jazz,93,
"Tue, Dec 14, 2004",10:00p,Los Angeles Lakers,93,Seattle SuperSonics,108,
"Wed, Dec 15, 2004",7:00p,Denver Nuggets,100,Boston Celtics,99,
"Wed, Dec 15, 2004",7:00p,Portland Trail Blazers,88,Cleveland Cavaliers,112,
"Wed, Dec 15, 2004",7:00p,Minnesota Timberwolves,90,Toronto Raptors,96,
"Wed, Dec 15, 2004",7:00p,Miami Heat,98,Washington Wizards,93,
"Wed, Dec 15, 2004",8:00p,Chicago Bulls,96,Memphis Grizzlies,88,
"Wed, Dec 15, 2004",8:00p,Golden State Warriors,89,New Orleans Hornets,98,
"Wed, Dec 15, 2004",8:00p,Detroit Pistons,94,New York Knicks,93,
"Wed, Dec 15, 2004",8:30p,Atlanta Hawks,69,Houston Rockets,92,
"Wed, Dec 15, 2004",8:30p,Orlando Magic,91,San Antonio Spurs,94,
"Wed, Dec 15, 2004",10:30p,Utah Jazz,86,Phoenix Suns,108,
"Thu, Dec 16, 2004",8:00p,Cleveland Cavaliers,69,Detroit Pistons,81,
"Thu, Dec 16, 2004",8:30p,Milwaukee Bucks,77,Chicago Bulls,85,
"Thu, Dec 16, 2004",10:30p,Los Angeles Lakers,115,Sacramento Kings,99,
"Fri, Dec 17, 2004",7:00p,Toronto Raptors,86,Indiana Pacers,89,
"Fri, Dec 17, 2004",7:00p,New York Knicks,113,Philadelphia 76ers,107,OT
"Fri, Dec 17, 2004",7:30p,Portland Trail Blazers,100,Atlanta Hawks,84,
"Fri, Dec 17, 2004",7:30p,Utah Jazz,106,Boston Celtics,114,
"Fri, Dec 17, 2004",8:00p,New Jersey Nets,84,Memphis Grizzlies,89,
"Fri, Dec 17, 2004",8:00p,Denver Nuggets,100,Miami Heat,107,
"Fri, Dec 17, 2004",8:00p,Los Angeles Clippers,86,Minnesota Timberwolves,113,
"Fri, Dec 17, 2004",8:00p,San Antonio Spurs,83,New Orleans Hornets,67,
"Fri, Dec 17, 2004",8:30p,Golden State Warriors,83,Houston Rockets,100,
"Fri, Dec 17, 2004",10:30p,Washington Wizards,120,Los Angeles Lakers,116,OT
"Fri, Dec 17, 2004",10:30p,Phoenix Suns,112,Seattle SuperSonics,110,
"Sat, Dec 18, 2004",7:00p,Houston Rockets,100,Charlotte Bobcats,101,OT
"Sat, Dec 18, 2004",7:00p,Denver Nuggets,95,Orlando Magic,117,
"Sat, Dec 18, 2004",7:30p,Boston Celtics,114,Cleveland Cavaliers,107,OT
"Sat, Dec 18, 2004",7:30p,Portland Trail Blazers,75,Detroit Pistons,74,
"Sat, Dec 18, 2004",8:30p,Indiana Pacers,71,Chicago Bulls,85,
"Sat, Dec 18, 2004",8:30p,Atlanta Hawks,68,Dallas Mavericks,90,
"Sat, Dec 18, 2004",8:30p,Philadelphia 76ers,116,Milwaukee Bucks,97,
"Sat, Dec 18, 2004",8:30p,Golden State Warriors,85,San Antonio Spurs,104,
"Sat, Dec 18, 2004",9:00p,Washington Wizards,96,Phoenix Suns,110,
"Sun, Dec 19, 2004",3:00p,Utah Jazz,93,New York Knicks,94,
"Sun, Dec 19, 2004",3:00p,New Jersey Nets,99,Toronto Raptors,110,
"Sun, Dec 19, 2004",6:00p,Orlando Magic,107,Miami Heat,117,
"Sun, Dec 19, 2004",9:00p,New Orleans Hornets,71,Sacramento Kings,107,
"Sun, Dec 19, 2004",9:30p,Memphis Grizzlies,92,Los Angeles Clippers,82,
"Mon, Dec 20, 2004",7:00p,Utah Jazz,103,Philadelphia 76ers,101,
"Mon, Dec 20, 2004",8:30p,Portland Trail Blazers,87,Chicago Bulls,92,
"Mon, Dec 20, 2004",8:30p,Toronto Raptors,102,Houston Rockets,114,
"Mon, Dec 20, 2004",9:00p,Phoenix Suns,107,Denver Nuggets,105,
"Mon, Dec 20, 2004",10:30p,Washington Wizards,103,Golden State Warriors,101,
"Mon, Dec 20, 2004",10:30p,Memphis Grizzlies,82,Los Angeles Lakers,72,
"Tue, Dec 21, 2004",7:00p,New Jersey Nets,94,Charlotte Bobcats,91,
"Tue, Dec 21, 2004",7:00p,Minnesota Timberwolves,97,Cleveland Cavaliers,107,
"Tue, Dec 21, 2004",7:30p,Boston Celtics,100,Miami Heat,108,
"Tue, Dec 21, 2004",7:30p,Dallas Mavericks,123,New York Knicks,94,
"Tue, Dec 21, 2004",10:00p,Washington Wizards,93,Sacramento Kings,104,
"Tue, Dec 21, 2004",10:30p,New Orleans Hornets,91,Los Angeles Clippers,100,OT
"Wed, Dec 22, 2004",7:00p,New York Knicks,109,Boston Celtics,114,
"Wed, Dec 22, 2004",7:00p,Philadelphia 76ers,102,Indiana Pacers,90,
"Wed, Dec 22, 2004",7:00p,San Antonio Spurs,87,Orlando Magic,93,
"Wed, Dec 22, 2004",7:00p,Utah Jazz,86,Toronto Raptors,98,
"Wed, Dec 22, 2004",7:30p,Dallas Mavericks,100,Atlanta Hawks,113,
"Wed, Dec 22, 2004",7:30p,Chicago Bulls,89,Detroit Pistons,82,
"Wed, Dec 22, 2004",7:30p,Cleveland Cavaliers,90,New Jersey Nets,92,
"Wed, Dec 22, 2004",8:00p,Portland Trail Blazers,104,Milwaukee Bucks,95,
"Wed, Dec 22, 2004",8:30p,Charlotte Bobcats,90,Houston Rockets,87,
"Wed, Dec 22, 2004",10:00p,Memphis Grizzlies,99,Golden State Warriors,109,
"Wed, Dec 22, 2004",10:00p,Denver Nuggets,83,Seattle SuperSonics,98,
"Wed, Dec 22, 2004",10:30p,New Orleans Hornets,89,Los Angeles Lakers,101,
"Thu, Dec 23, 2004",8:00p,Minnesota Timberwolves,82,San Antonio Spurs,96,
"Thu, Dec 23, 2004",9:00p,Memphis Grizzlies,102,Phoenix Suns,109,
"Thu, Dec 23, 2004",10:30p,Miami Heat,109,Sacramento Kings,107,
"Sat, Dec 25, 2004",12:30p,Detroit Pistons,98,Indiana Pacers,93,
"Sat, Dec 25, 2004",3:00p,Miami Heat,104,Los Angeles Lakers,102,OT
"Sun, Dec 26, 2004",1:00p,Charlotte Bobcats,82,New York Knicks,91,
"Sun, Dec 26, 2004",7:00p,New Orleans Hornets,91,Cleveland Cavaliers,100,
"Sun, Dec 26, 2004",7:00p,Chicago Bulls,92,Milwaukee Bucks,99,
"Sun, Dec 26, 2004",7:00p,Boston Celtics,90,San Antonio Spurs,107,
"Sun, Dec 26, 2004",8:00p,Washington Wizards,74,Minnesota Timberwolves,109,
"Sun, Dec 26, 2004",8:00p,Toronto Raptors,94,Phoenix Suns,106,
"Sun, Dec 26, 2004",8:30p,Los Angeles Clippers,79,Houston Rockets,96,
"Sun, Dec 26, 2004",9:00p,Dallas Mavericks,102,Denver Nuggets,88,
"Sun, Dec 26, 2004",9:00p,Golden State Warriors,98,Sacramento Kings,94,
"Mon, Dec 27, 2004",7:00p,New Orleans Hornets,82,Indiana Pacers,100,
"Mon, Dec 27, 2004",7:00p,New York Knicks,119,Orlando Magic,111,
"Mon, Dec 27, 2004",7:00p,Charlotte Bobcats,87,Washington Wizards,106,
"Mon, Dec 27, 2004",7:30p,New Jersey Nets,90,Detroit Pistons,100,OT
"Mon, Dec 27, 2004",7:30p,Atlanta Hawks,102,Miami Heat,116,
"Mon, Dec 27, 2004",8:00p,Los Angeles Clippers,76,Memphis Grizzlies,96,
"Mon, Dec 27, 2004",9:00p,Seattle SuperSonics,98,Utah Jazz,88,
"Mon, Dec 27, 2004",10:00p,Philadelphia 76ers,111,Portland Trail Blazers,104,
"Mon, Dec 27, 2004",10:30p,Denver Nuggets,101,Golden State Warriors,104,
"Tue, Dec 28, 2004",7:30p,Cleveland Cavaliers,111,Atlanta Hawks,102,
"Tue, Dec 28, 2004",8:00p,Houston Rockets,87,Milwaukee Bucks,115,
"Tue, Dec 28, 2004",8:30p,New Jersey Nets,84,Chicago Bulls,80,
"Tue, Dec 28, 2004",8:30p,Boston Celtics,94,Dallas Mavericks,113,
"Tue, Dec 28, 2004",8:30p,Phoenix Suns,94,San Antonio Spurs,115,
"Tue, Dec 28, 2004",10:00p,Philadelphia 76ers,114,Seattle SuperSonics,107,
"Tue, Dec 28, 2004",10:30p,Toronto Raptors,99,Los Angeles Lakers,117,
"Wed, Dec 29, 2004",7:00p,Indiana Pacers,74,Charlotte Bobcats,71,
"Wed, Dec 29, 2004",7:00p,Houston Rockets,98,Cleveland Cavaliers,87,
"Wed, Dec 29, 2004",7:00p,Milwaukee Bucks,111,Orlando Magic,105,
"Wed, Dec 29, 2004",7:00p,Detroit Pistons,107,Washington Wizards,105,
"Wed, Dec 29, 2004",7:30p,Minnesota Timberwolves,87,New York Knicks,100,
"Wed, Dec 29, 2004",8:00p,Boston Celtics,109,Memphis Grizzlies,117,
"Wed, Dec 29, 2004",8:00p,Phoenix Suns,107,New Orleans Hornets,96,
"Wed, Dec 29, 2004",10:30p,Toronto Raptors,105,Golden State Warriors,111,
"Wed, Dec 29, 2004",10:30p,Utah Jazz,90,Los Angeles Clippers,101,
"Thu, Dec 30, 2004",2:00p,Seattle SuperSonics,94,Atlanta Hawks,79,
"Thu, Dec 30, 2004",7:30p,Indiana Pacers,96,New Jersey Nets,83,
"Thu, Dec 30, 2004",8:00p,Miami Heat,89,Detroit Pistons,78,
"Thu, Dec 30, 2004",10:30p,San Antonio Spurs,114,Portland Trail Blazers,80,
"Fri, Dec 31, 2004",3:00p,Washington Wizards,103,Boston Celtics,108,
"Fri, Dec 31, 2004",7:00p,Seattle SuperSonics,103,Charlotte Bobcats,97,
"Fri, Dec 31, 2004",8:00p,Philadelphia 76ers,92,Denver Nuggets,97,
"Fri, Dec 31, 2004",8:00p,Sacramento Kings,109,Utah Jazz,102,
"Fri, Dec 31, 2004",9:30p,San Antonio Spurs,98,Los Angeles Clippers,79,
"Fri, Dec 31, 2004",10:00p,Milwaukee Bucks,90,Houston Rockets,105,
"Sat, Jan 1, 2005",7:30p,Charlotte Bobcats,90,Miami Heat,113,
"Sat, Jan 1, 2005",7:30p,New Jersey Nets,93,New York Knicks,87,
"Sat, Jan 1, 2005",8:00p,Memphis Grizzlies,104,Minnesota Timberwolves,95,
"Sat, Jan 1, 2005",8:30p,Orlando Magic,90,Chicago Bulls,105,
"Sat, Jan 1, 2005",10:00p,Golden State Warriors,88,Portland Trail Blazers,97,
"Sun, Jan 2, 2005",12:00p,Atlanta Hawks,101,Washington Wizards,104,
"Sun, Jan 2, 2005",3:30p,Philadelphia 76ers,83,Los Angeles Clippers,89,
"Sun, Jan 2, 2005",6:00p,Boston Celtics,88,Detroit Pistons,100,
"Sun, Jan 2, 2005",8:00p,Portland Trail Blazers,98,Phoenix Suns,117,
"Sun, Jan 2, 2005",8:30p,Milwaukee Bucks,104,Dallas Mavericks,123,
"Sun, Jan 2, 2005",8:30p,Utah Jazz,80,Houston Rockets,99,
"Sun, Jan 2, 2005",9:00p,San Antonio Spurs,81,Sacramento Kings,86,
"Sun, Jan 2, 2005",9:30p,Denver Nuggets,91,Los Angeles Lakers,99,
"Mon, Jan 3, 2005",7:00p,New Orleans Hornets,90,Boston Celtics,108,
"Mon, Jan 3, 2005",7:00p,Cleveland Cavaliers,94,Charlotte Bobcats,83,
"Mon, Jan 3, 2005",7:00p,Orlando Magic,94,Toronto Raptors,105,
"Mon, Jan 3, 2005",7:30p,Seattle SuperSonics,98,Miami Heat,96,
"Mon, Jan 3, 2005",8:00p,Utah Jazz,82,Memphis Grizzlies,92,
"Mon, Jan 3, 2005",8:30p,Detroit Pistons,87,Chicago Bulls,80,
"Mon, Jan 3, 2005",9:00p,Los Angeles Clippers,102,Denver Nuggets,98,
"Mon, Jan 3, 2005",10:30p,Philadelphia 76ers,112,Golden State Warriors,104,
"Tue, Jan 4, 2005",7:00p,Milwaukee Bucks,99,Indiana Pacers,116,
"Tue, Jan 4, 2005",7:00p,New Jersey Nets,88,Washington Wizards,112,
"Tue, Jan 4, 2005",7:30p,Sacramento Kings,105,New York Knicks,98,
"Tue, Jan 4, 2005",8:00p,Phoenix Suns,122,Minnesota Timberwolves,115,
"Tue, Jan 4, 2005",8:30p,Los Angeles Lakers,83,San Antonio Spurs,100,
"Wed, Jan 5, 2005",7:00p,Golden State Warriors,83,Boston Celtics,84,
"Wed, Jan 5, 2005",7:00p,Minnesota Timberwolves,84,Charlotte Bobcats,102,
"Wed, Jan 5, 2005",7:00p,Atlanta Hawks,85,Cleveland Cavaliers,101,
"Wed, Jan 5, 2005",7:00p,Seattle SuperSonics,87,Orlando Magic,105,
"Wed, Jan 5, 2005",7:00p,Sacramento Kings,93,Toronto Raptors,96,
"Wed, Jan 5, 2005",7:30p,New York Knicks,94,Miami Heat,102,
"Wed, Jan 5, 2005",8:00p,New Jersey Nets,74,Milwaukee Bucks,97,
"Wed, Jan 5, 2005",8:00p,Chicago Bulls,95,New Orleans Hornets,89,
"Wed, Jan 5, 2005",8:30p,Los Angeles Lakers,104,Dallas Mavericks,118,
"Wed, Jan 5, 2005",9:00p,Phoenix Suns,108,Houston Rockets,98,
"Wed, Jan 5, 2005",9:00p,Philadelphia 76ers,106,Utah Jazz,99,
"Wed, Jan 5, 2005",10:30p,Portland Trail Blazers,98,Los Angeles Clippers,102,
"Thu, Jan 6, 2005",7:00p,Seattle SuperSonics,96,Washington Wizards,107,
"Thu, Jan 6, 2005",7:30p,Memphis Grizzlies,101,Detroit Pistons,79,
"Thu, Jan 6, 2005",9:30p,Indiana Pacers,98,San Antonio Spurs,111,
"Fri, Jan 7, 2005",7:00p,Charlotte Bobcats,91,Orlando Magic,111,
"Fri, Jan 7, 2005",7:00p,Milwaukee Bucks,107,Toronto Raptors,105,OT
"Fri, Jan 7, 2005",7:30p,Sacramento Kings,100,Atlanta Hawks,97,
"Fri, Jan 7, 2005",7:30p,Detroit Pistons,110,Boston Celtics,104,
"Fri, Jan 7, 2005",7:30p,Golden State Warriors,72,New Jersey Nets,82,
"Fri, Jan 7, 2005",8:00p,New Orleans Hornets,76,Memphis Grizzlies,84,
"Fri, Jan 7, 2005",8:00p,Philadelphia 76ers,84,Minnesota Timberwolves,89,
"Fri, Jan 7, 2005",8:30p,Utah Jazz,78,Chicago Bulls,84,
"Fri, Jan 7, 2005",10:00p,Miami Heat,103,Portland Trail Blazers,92,
"Fri, Jan 7, 2005",10:30p,Houston Rockets,104,Los Angeles Lakers,111,
"Sat, Jan 8, 2005",1:30p,New York Knicks,79,Cleveland Cavaliers,104,
"Sat, Jan 8, 2005",1:30p,Denver Nuggets,90,San Antonio Spurs,99,
"Sat, Jan 8, 2005",7:00p,New Jersey Nets,101,Orlando Magic,104,
"Sat, Jan 8, 2005",7:00p,Minnesota Timberwolves,114,Washington Wizards,117,
"Sat, Jan 8, 2005",8:00p,Sacramento Kings,117,New Orleans Hornets,121,OT
"Sat, Jan 8, 2005",8:30p,Boston Celtics,91,Chicago Bulls,102,
"Sat, Jan 8, 2005",8:30p,Indiana Pacers,101,Dallas Mavericks,121,
"Sat, Jan 8, 2005",8:30p,Utah Jazz,86,Milwaukee Bucks,89,
"Sat, Jan 8, 2005",10:30p,Phoenix Suns,108,Los Angeles Clippers,91,
"Sun, Jan 9, 2005",1:00p,Golden State Warriors,87,Toronto Raptors,109,
"Sun, Jan 9, 2005",7:30p,Portland Trail Blazers,105,New York Knicks,113,
"Sun, Jan 9, 2005",8:00p,Indiana Pacers,89,Phoenix Suns,124,
"Sun, Jan 9, 2005",8:00p,Miami Heat,98,Seattle SuperSonics,108,
"Sun, Jan 9, 2005",9:00p,Houston Rockets,116,Denver Nuggets,98,
"Mon, Jan 10, 2005",7:00p,Orlando Magic,101,Boston Celtics,119,
"Mon, Jan 10, 2005",7:00p,Portland Trail Blazers,109,Philadelphia 76ers,100,
"Mon, Jan 10, 2005",8:00p,Los Angeles Lakers,105,Minnesota Timberwolves,96,
"Mon, Jan 10, 2005",8:30p,Golden State Warriors,85,Chicago Bulls,94,
"Mon, Jan 10, 2005",9:00p,San Antonio Spurs,96,Utah Jazz,97,
"Tue, Jan 11, 2005",7:00p,Charlotte Bobcats,98,Cleveland Cavaliers,100,OT
"Tue, Jan 11, 2005",7:30p,Milwaukee Bucks,80,Atlanta Hawks,103,
"Tue, Jan 11, 2005",7:30p,Detroit Pistons,89,New Jersey Nets,80,
"Tue, Jan 11, 2005",7:30p,New Orleans Hornets,88,New York Knicks,82,
"Tue, Jan 11, 2005",8:00p,Indiana Pacers,86,Memphis Grizzlies,85,
"Tue, Jan 11, 2005",9:00p,Miami Heat,107,Phoenix Suns,122,
"Tue, Jan 11, 2005",10:00p,Denver Nuggets,100,Sacramento Kings,109,
"Tue, Jan 11, 2005",10:00p,Los Angeles Clippers,99,Seattle SuperSonics,104,
"Wed, Jan 12, 2005",7:00p,Boston Celtics,93,Toronto Raptors,104,
"Wed, Jan 12, 2005",7:00p,Portland Trail Blazers,100,Washington Wizards,104,
"Wed, Jan 12, 2005",7:30p,New Orleans Hornets,76,Detroit Pistons,90,
"Wed, Jan 12, 2005",8:00p,Orlando Magic,87,Minnesota Timberwolves,80,
"Wed, Jan 12, 2005",8:30p,Philadelphia 76ers,78,Chicago Bulls,110,
"Wed, Jan 12, 2005",8:30p,Milwaukee Bucks,79,San Antonio Spurs,94,
"Wed, Jan 12, 2005",9:00p,Houston Rockets,124,Dallas Mavericks,114,
"Wed, Jan 12, 2005",9:00p,Los Angeles Lakers,83,Denver Nuggets,95,
"Wed, Jan 12, 2005",9:00p,Phoenix Suns,108,Utah Jazz,115,
"Wed, Jan 12, 2005",10:30p,Miami Heat,98,Golden State Warriors,91,
"Wed, Jan 12, 2005",10:30p,Seattle SuperSonics,92,Los Angeles Clippers,103,
"Thu, Jan 13, 2005",8:00p,New Jersey Nets,85,Houston Rockets,94,OT
"Thu, Jan 13, 2005",10:00p,Utah Jazz,93,Sacramento Kings,107,
"Thu, Jan 13, 2005",10:30p,Cleveland Cavaliers,94,Los Angeles Lakers,98,
"Fri, Jan 14, 2005",7:00p,Memphis Grizzlies,109,Charlotte Bobcats,89,
"Fri, Jan 14, 2005",7:00p,Phoenix Suns,83,Indiana Pacers,101,
"Fri, Jan 14, 2005",7:00p,Toronto Raptors,96,Philadelphia 76ers,106,
"Fri, Jan 14, 2005",7:30p,Atlanta Hawks,94,Boston Celtics,106,
"Fri, Jan 14, 2005",8:00p,Orlando Magic,94,Detroit Pistons,101,
"Fri, Jan 14, 2005",8:00p,Portland Trail Blazers,106,New Orleans Hornets,112,
"Fri, Jan 14, 2005",8:00p,Dallas Mavericks,95,San Antonio Spurs,98,
"Fri, Jan 14, 2005",8:30p,Washington Wizards,105,Milwaukee Bucks,103,
"Fri, Jan 14, 2005",10:30p,Minnesota Timberwolves,93,Denver Nuggets,83,
"Fri, Jan 14, 2005",10:30p,Miami Heat,112,Los Angeles Clippers,114,2OT
"Fri, Jan 14, 2005",10:30p,Golden State Warriors,84,Seattle SuperSonics,103,
"Sat, Jan 15, 2005",3:30p,New York Knicks,84,Chicago Bulls,86,
"Sat, Jan 15, 2005",6:00p,Charlotte Bobcats,95,Atlanta Hawks,103,
"Sat, Jan 15, 2005",7:00p,Phoenix Suns,103,Washington Wizards,108,
"Sat, Jan 15, 2005",7:30p,Philadelphia 76ers,95,Detroit Pistons,99,
"Sat, Jan 15, 2005",8:00p,Orlando Magic,85,Indiana Pacers,84,
"Sat, Jan 15, 2005",8:00p,Milwaukee Bucks,82,Memphis Grizzlies,101,
"Sat, Jan 15, 2005",8:00p,Portland Trail Blazers,84,Minnesota Timberwolves,92,
"Sat, Jan 15, 2005",8:30p,New Jersey Nets,93,Dallas Mavericks,98,
"Sat, Jan 15, 2005",8:30p,San Antonio Spurs,67,Houston Rockets,73,
"Sat, Jan 15, 2005",9:00p,Cleveland Cavaliers,84,Utah Jazz,71,
"Sat, Jan 15, 2005",10:00p,Los Angeles Clippers,95,Sacramento Kings,99,
"Sat, Jan 15, 2005",10:30p,Los Angeles Lakers,104,Golden State Warriors,102,
"Sun, Jan 16, 2005",1:00p,New Orleans Hornets,99,Toronto Raptors,102,
"Sun, Jan 16, 2005",9:00p,Cleveland Cavaliers,97,Seattle SuperSonics,105,
"Mon, Jan 17, 2005",1:00p,Milwaukee Bucks,99,Charlotte Bobcats,92,
"Mon, Jan 17, 2005",1:00p,Chicago Bulls,88,New York Knicks,86,
"Mon, Jan 17, 2005",2:00p,New Jersey Nets,85,Atlanta Hawks,84,
"Mon, Jan 17, 2005",2:00p,New Orleans Hornets,91,Philadelphia 76ers,95,
"Mon, Jan 17, 2005",3:30p,Phoenix Suns,80,Detroit Pistons,94,
"Mon, Jan 17, 2005",3:30p,Sacramento Kings,89,Los Angeles Clippers,83,
"Mon, Jan 17, 2005",5:00p,Washington Wizards,73,San Antonio Spurs,101,
"Mon, Jan 17, 2005",6:00p,Toronto Raptors,100,Minnesota Timberwolves,91,
"Mon, Jan 17, 2005",8:00p,Houston Rockets,80,Memphis Grizzlies,99,
"Mon, Jan 17, 2005",10:30p,Denver Nuggets,97,Golden State Warriors,107,
"Mon, Jan 17, 2005",10:30p,Utah Jazz,102,Los Angeles Lakers,94,
"Tue, Jan 18, 2005",7:00p,Detroit Pistons,101,Orlando Magic,103,
"Tue, Jan 18, 2005",8:30p,Washington Wizards,120,Dallas Mavericks,137,
"Tue, Jan 18, 2005",8:30p,Indiana Pacers,87,Houston Rockets,74,
"Tue, Jan 18, 2005",10:00p,Portland Trail Blazers,107,Sacramento Kings,113,OT
"Tue, Jan 18, 2005",10:00p,Denver Nuggets,116,Seattle SuperSonics,110,OT
"Wed, Jan 19, 2005",7:00p,Chicago Bulls,83,Boston Celtics,92,
"Wed, Jan 19, 2005",7:00p,Philadelphia 76ers,107,Charlotte Bobcats,105,
"Wed, Jan 19, 2005",7:00p,New York Knicks,81,Toronto Raptors,98,
"Wed, Jan 19, 2005",7:30p,Atlanta Hawks,92,Miami Heat,111,
"Wed, Jan 19, 2005",7:30p,Milwaukee Bucks,90,New Jersey Nets,96,
"Wed, Jan 19, 2005",8:00p,Indiana Pacers,87,New Orleans Hornets,90,
"Wed, Jan 19, 2005",8:30p,Los Angeles Clippers,79,San Antonio Spurs,80,
"Wed, Jan 19, 2005",9:00p,Memphis Grizzlies,88,Phoenix Suns,79,
"Wed, Jan 19, 2005",10:00p,Cleveland Cavaliers,107,Portland Trail Blazers,101,
"Wed, Jan 19, 2005",10:30p,Minnesota Timberwolves,90,Los Angeles Lakers,93,
"Thu, Jan 20, 2005",8:00p,Houston Rockets,108,Orlando Magic,99,
"Thu, Jan 20, 2005",8:30p,Los Angeles Clippers,77,Dallas Mavericks,99,
"Thu, Jan 20, 2005",10:30p,Cleveland Cavaliers,96,Sacramento Kings,123,
"Fri, Jan 21, 2005",7:00p,Dallas Mavericks,105,Charlotte Bobcats,99,
"Fri, Jan 21, 2005",7:00p,Toronto Raptors,109,Washington Wizards,118,
"Fri, Jan 21, 2005",7:30p,Boston Celtics,98,New Jersey Nets,104,
"Fri, Jan 21, 2005",7:30p,Houston Rockets,92,New York Knicks,91,
"Fri, Jan 21, 2005",8:00p,Indiana Pacers,106,Miami Heat,100,OT
"Fri, Jan 21, 2005",8:30p,Atlanta Hawks,85,Chicago Bulls,95,
"Fri, Jan 21, 2005",8:30p,Detroit Pistons,86,Milwaukee Bucks,89,
"Fri, Jan 21, 2005",10:30p,Memphis Grizzlies,82,Denver Nuggets,92,
"Fri, Jan 21, 2005",10:30p,Golden State Warriors,101,Los Angeles Lakers,105,
"Fri, Jan 21, 2005",10:30p,San Antonio Spurs,128,Phoenix Suns,123,OT
"Fri, Jan 21, 2005",10:30p,Minnesota Timberwolves,112,Seattle SuperSonics,107,
"Sat, Jan 22, 2005",7:00p,Boston Celtics,96,Atlanta Hawks,100,
"Sat, Jan 22, 2005",7:00p,Philadelphia 76ers,111,Orlando Magic,115,
"Sat, Jan 22, 2005",7:30p,Chicago Bulls,100,Detroit Pistons,89,
"Sat, Jan 22, 2005",8:00p,Washington Wizards,95,Indiana Pacers,93,
"Sat, Jan 22, 2005",8:00p,Los Angeles Clippers,85,New Orleans Hornets,88,
"Sat, Jan 22, 2005",9:00p,Memphis Grizzlies,110,Utah Jazz,94,
"Sat, Jan 22, 2005",10:00p,Minnesota Timberwolves,92,Portland Trail Blazers,83,
"Sat, Jan 22, 2005",10:30p,Cleveland Cavaliers,105,Golden State Warriors,87,
"Sun, Jan 23, 2005",1:00p,Denver Nuggets,93,Dallas Mavericks,95,
"Sun, Jan 23, 2005",1:00p,Charlotte Bobcats,92,Toronto Raptors,103,
"Sun, Jan 23, 2005",3:00p,Milwaukee Bucks,101,New York Knicks,96,
"Sun, Jan 23, 2005",6:00p,New Orleans Hornets,68,Miami Heat,97,
"Sun, Jan 23, 2005",8:00p,New Jersey Nets,105,Phoenix Suns,113,
"Sun, Jan 23, 2005",9:00p,San Antonio Spurs,103,Sacramento Kings,73,
"Sun, Jan 23, 2005",9:00p,Utah Jazz,105,Seattle SuperSonics,122,
"Mon, Jan 24, 2005",7:00p,Washington Wizards,106,Cleveland Cavaliers,97,
"Mon, Jan 24, 2005",7:00p,Miami Heat,98,Philadelphia 76ers,106,
"Mon, Jan 24, 2005",7:30p,Chicago Bulls,107,Atlanta Hawks,82,
"Mon, Jan 24, 2005",8:00p,Detroit Pistons,83,Minnesota Timberwolves,86,
"Mon, Jan 24, 2005",8:30p,Orlando Magic,78,Houston Rockets,89,
"Mon, Jan 24, 2005",10:00p,San Antonio Spurs,99,Portland Trail Blazers,107,
"Mon, Jan 24, 2005",10:30p,Dallas Mavericks,87,Los Angeles Clippers,97,
"Tue, Jan 25, 2005",7:00p,Boston Celtics,97,Charlotte Bobcats,92,
"Tue, Jan 25, 2005",7:30p,Phoenix Suns,133,New York Knicks,118,
"Tue, Jan 25, 2005",8:00p,Orlando Magic,83,Memphis Grizzlies,95,
"Tue, Jan 25, 2005",8:30p,Denver Nuggets,107,Chicago Bulls,111,
"Tue, Jan 25, 2005",10:00p,New Jersey Nets,93,Sacramento Kings,113,
"Tue, Jan 25, 2005",10:30p,Seattle SuperSonics,104,Los Angeles Lakers,93,
"Wed, Jan 26, 2005",7:00p,Indiana Pacers,86,Boston Celtics,100,
"Wed, Jan 26, 2005",7:00p,Memphis Grizzlies,111,Cleveland Cavaliers,114,
"Wed, Jan 26, 2005",7:00p,Miami Heat,111,Toronto Raptors,96,
"Wed, Jan 26, 2005",7:00p,Philadelphia 76ers,107,Washington Wizards,117,
"Wed, Jan 26, 2005",7:30p,Denver Nuggets,70,Detroit Pistons,87,
"Wed, Jan 26, 2005",8:00p,Phoenix Suns,121,Milwaukee Bucks,115,
"Wed, Jan 26, 2005",8:00p,Atlanta Hawks,87,Minnesota Timberwolves,104,
"Wed, Jan 26, 2005",8:00p,Houston Rockets,82,New Orleans Hornets,77,
"Wed, Jan 26, 2005",9:00p,Seattle SuperSonics,100,Utah Jazz,109,
"Wed, Jan 26, 2005",10:00p,Dallas Mavericks,95,Portland Trail Blazers,88,
"Wed, Jan 26, 2005",10:30p,New Jersey Nets,113,Golden State Warriors,99,
"Wed, Jan 26, 2005",10:30p,Los Angeles Lakers,89,Los Angeles Clippers,105,
"Thu, Jan 27, 2005",7:00p,Detroit Pistons,88,Indiana Pacers,76,
"Thu, Jan 27, 2005",8:30p,Charlotte Bobcats,93,Chicago Bulls,101,
"Thu, Jan 27, 2005",9:30p,Sacramento Kings,80,San Antonio Spurs,90,
"Fri, Jan 28, 2005",7:00p,Toronto Raptors,94,Charlotte Bobcats,101,
"Fri, Jan 28, 2005",7:00p,Cleveland Cavaliers,96,New York Knicks,99,
"Fri, Jan 28, 2005",7:00p,Washington Wizards,101,Orlando Magic,108,
"Fri, Jan 28, 2005",7:30p,Miami Heat,106,Atlanta Hawks,96,
"Fri, Jan 28, 2005",7:30p,Phoenix Suns,128,Boston Celtics,119,
"Fri, Jan 28, 2005",8:00p,Utah Jazz,91,Minnesota Timberwolves,93,
"Fri, Jan 28, 2005",8:00p,Philadelphia 76ers,95,New Orleans Hornets,99,OT
"Fri, Jan 28, 2005",8:30p,Denver Nuggets,106,Milwaukee Bucks,100,
"Fri, Jan 28, 2005",9:30p,Sacramento Kings,117,Houston Rockets,111,OT
"Fri, Jan 28, 2005",10:00p,Los Angeles Clippers,86,Portland Trail Blazers,90,
"Fri, Jan 28, 2005",10:30p,Seattle SuperSonics,88,Golden State Warriors,85,
"Fri, Jan 28, 2005",10:30p,New Jersey Nets,109,Los Angeles Lakers,103,
"Sat, Jan 29, 2005",7:00p,Orlando Magic,103,Washington Wizards,97,
"Sat, Jan 29, 2005",7:30p,New York Knicks,61,Detroit Pistons,91,
"Sat, Jan 29, 2005",8:00p,Denver Nuggets,95,Indiana Pacers,88,
"Sat, Jan 29, 2005",8:00p,Atlanta Hawks,83,Memphis Grizzlies,84,
"Sat, Jan 29, 2005",8:30p,Boston Celtics,101,Chicago Bulls,97,
"Sat, Jan 29, 2005",8:30p,Philadelphia 76ers,93,Dallas Mavericks,89,
"Sat, Jan 29, 2005",8:30p,New Orleans Hornets,83,San Antonio Spurs,93,
"Sat, Jan 29, 2005",9:00p,New Jersey Nets,99,Utah Jazz,82,
"Sat, Jan 29, 2005",10:30p,Golden State Warriors,85,Los Angeles Clippers,96,
"Sun, Jan 30, 2005",1:00p,Houston Rockets,95,Miami Heat,104,
"Sun, Jan 30, 2005",3:30p,Sacramento Kings,94,Minnesota Timberwolves,84,
"Sun, Jan 30, 2005",4:30p,Phoenix Suns,123,Toronto Raptors,105,
"Sun, Jan 30, 2005",6:30p,Milwaukee Bucks,87,Cleveland Cavaliers,104,
"Sun, Jan 30, 2005",9:30p,Charlotte Bobcats,90,Los Angeles Lakers,101,
"Mon, Jan 31, 2005",7:00p,Houston Rockets,97,Boston Celtics,94,
"Mon, Jan 31, 2005",7:00p,Indiana Pacers,88,Philadelphia 76ers,89,
"Mon, Jan 31, 2005",7:30p,Orlando Magic,79,Atlanta Hawks,80,
"Mon, Jan 31, 2005",8:00p,Memphis Grizzlies,98,New Orleans Hornets,91,
"Mon, Jan 31, 2005",10:00p,San Antonio Spurs,103,Seattle SuperSonics,84,
"Mon, Jan 31, 2005",10:30p,New York Knicks,89,Los Angeles Clippers,96,
"Tue, Feb 1, 2005",7:00p,Cleveland Cavaliers,102,Orlando Magic,105,
"Tue, Feb 1, 2005",7:00p,Detroit Pistons,105,Washington Wizards,96,
"Tue, Feb 1, 2005",7:30p,Chicago Bulls,97,New Jersey Nets,107,
"Tue, Feb 1, 2005",8:00p,Phoenix Suns,97,Memphis Grizzlies,108,
"Tue, Feb 1, 2005",8:00p,Minnesota Timberwolves,86,Milwaukee Bucks,91,
"Tue, Feb 1, 2005",8:30p,Miami Heat,104,Dallas Mavericks,109,
"Tue, Feb 1, 2005",9:00p,New York Knicks,76,Denver Nuggets,96,
"Tue, Feb 1, 2005",9:00p,Charlotte Bobcats,109,Utah Jazz,105,
"Tue, Feb 1, 2005",10:00p,Seattle SuperSonics,106,Sacramento Kings,101,
"Tue, Feb 1, 2005",10:30p,Portland Trail Blazers,79,Los Angeles Lakers,92,
"Wed, Feb 2, 2005",7:00p,New Jersey Nets,89,Boston Celtics,110,
"Wed, Feb 2, 2005",7:00p,Toronto Raptors,98,Indiana Pacers,97,
"Wed, Feb 2, 2005",7:00p,Houston Rockets,118,Philadelphia 76ers,95,
"Wed, Feb 2, 2005",7:30p,Atlanta Hawks,84,Detroit Pistons,99,
"Wed, Feb 2, 2005",8:00p,Phoenix Suns,108,Minnesota Timberwolves,79,
"Wed, Feb 2, 2005",8:00p,Dallas Mavericks,90,New Orleans Hornets,82,
"Wed, Feb 2, 2005",10:00p,Denver Nuggets,94,Portland Trail Blazers,97,
"Wed, Feb 2, 2005",10:30p,Sacramento Kings,111,Golden State Warriors,107,OT
"Thu, Feb 3, 2005",8:00p,Los Angeles Clippers,106,Memphis Grizzlies,103,
"Thu, Feb 3, 2005",8:00p,Cleveland Cavaliers,88,Miami Heat,100,
"Thu, Feb 3, 2005",10:30p,San Antonio Spurs,103,Los Angeles Lakers,91,
"Fri, Feb 4, 2005",7:00p,Dallas Mavericks,94,Indiana Pacers,95,
"Fri, Feb 4, 2005",7:00p,Atlanta Hawks,85,Philadelphia 76ers,103,
"Fri, Feb 4, 2005",7:00p,Washington Wizards,100,Toronto Raptors,103,
"Fri, Feb 4, 2005",7:30p,Orlando Magic,100,Boston Celtics,112,
"Fri, Feb 4, 2005",8:30p,Los Angeles Clippers,90,Milwaukee Bucks,92,
"Fri, Feb 4, 2005",9:30p,Houston Rockets,119,Minnesota Timberwolves,113,OT
"Fri, Feb 4, 2005",10:00p,Charlotte Bobcats,89,Portland Trail Blazers,101,
"Fri, Feb 4, 2005",10:00p,New York Knicks,115,Sacramento Kings,116,
"Fri, Feb 4, 2005",10:30p,New Orleans Hornets,82,Golden State Warriors,90,
"Sat, Feb 5, 2005",1:00p,Detroit Pistons,85,New Jersey Nets,107,
"Sat, Feb 5, 2005",7:00p,Indiana Pacers,84,Atlanta Hawks,79,
"Sat, Feb 5, 2005",7:00p,Milwaukee Bucks,94,Washington Wizards,112,
"Sat, Feb 5, 2005",7:30p,Orlando Magic,92,Cleveland Cavaliers,101,
"Sat, Feb 5, 2005",7:30p,Chicago Bulls,97,Miami Heat,108,
"Sat, Feb 5, 2005",9:00p,Golden State Warriors,91,Denver Nuggets,107,
"Sat, Feb 5, 2005",9:00p,New York Knicks,106,Phoenix Suns,114,
"Sat, Feb 5, 2005",9:00p,New Orleans Hornets,92,Utah Jazz,108,
"Sat, Feb 5, 2005",10:00p,Sacramento Kings,108,Portland Trail Blazers,114,
"Sat, Feb 5, 2005",10:00p,Charlotte Bobcats,99,Seattle SuperSonics,113,
"Sun, Feb 6, 2005",1:00p,Boston Celtics,103,Minnesota Timberwolves,100,
"Sun, Feb 6, 2005",1:00p,Los Angeles Clippers,104,Philadelphia 76ers,106,
"Sun, Feb 6, 2005",1:00p,Dallas Mavericks,122,Toronto Raptors,113,
"Sun, Feb 6, 2005",3:30p,Los Angeles Lakers,102,Houston Rockets,103,
"Mon, Feb 7, 2005",7:00p,Indiana Pacers,104,Washington Wizards,108,
"Mon, Feb 7, 2005",7:30p,Los Angeles Lakers,108,Atlanta Hawks,114,
"Mon, Feb 7, 2005",7:30p,Golden State Warriors,96,Miami Heat,105,
"Mon, Feb 7, 2005",7:30p,Philadelphia 76ers,97,New Jersey Nets,107,OT
"Mon, Feb 7, 2005",9:00p,New York Knicks,102,Utah Jazz,99,OT
"Tue, Feb 8, 2005",7:00p,San Antonio Spurs,104,Charlotte Bobcats,85,
"Tue, Feb 8, 2005",7:00p,Toronto Raptors,91,Cleveland Cavaliers,104,
"Tue, Feb 8, 2005",7:00p,Golden State Warriors,113,Orlando Magic,109,
"Tue, Feb 8, 2005",8:00p,Minnesota Timberwolves,96,Memphis Grizzlies,108,
"Tue, Feb 8, 2005",8:00p,Boston Celtics,97,Milwaukee Bucks,121,
"Tue, Feb 8, 2005",8:30p,Chicago Bulls,107,Dallas Mavericks,100,
"Tue, Feb 8, 2005",9:00p,Utah Jazz,87,Denver Nuggets,97,
"Tue, Feb 8, 2005",10:00p,Phoenix Suns,125,Sacramento Kings,123,
"Tue, Feb 8, 2005",10:00p,New Orleans Hornets,91,Seattle SuperSonics,108,
"Wed, Feb 9, 2005",7:00p,Los Angeles Clippers,89,Boston Celtics,94,
"Wed, Feb 9, 2005",7:00p,Charlotte Bobcats,87,Indiana Pacers,94,
"Wed, Feb 9, 2005",7:00p,Memphis Grizzlies,98,Philadelphia 76ers,95,
"Wed, Feb 9, 2005",7:00p,Milwaukee Bucks,110,Toronto Raptors,107,
"Wed, Feb 9, 2005",7:00p,San Antonio Spurs,87,Washington Wizards,95,
"Wed, Feb 9, 2005",7:30p,Los Angeles Lakers,104,New Jersey Nets,103,OT
"Wed, Feb 9, 2005",7:30p,Miami Heat,116,New York Knicks,110,OT
"Wed, Feb 9, 2005",8:00p,Denver Nuggets,92,Minnesota Timberwolves,98,
"Wed, Feb 9, 2005",8:30p,Chicago Bulls,92,Houston Rockets,105,
"Wed, Feb 9, 2005",10:00p,New Orleans Hornets,91,Portland Trail Blazers,80,
"Thu, Feb 10, 2005",7:00p,Atlanta Hawks,96,Orlando Magic,101,
"Thu, Feb 10, 2005",8:00p,Los Angeles Lakers,81,Detroit Pistons,103,
"Thu, Feb 10, 2005",10:30p,Sacramento Kings,107,Seattle SuperSonics,115,
"Fri, Feb 11, 2005",7:00p,Miami Heat,97,Charlotte Bobcats,87,
"Fri, Feb 11, 2005",7:00p,Houston Rockets,91,Indiana Pacers,83,
"Fri, Feb 11, 2005",7:00p,Philadelphia 76ers,106,Toronto Raptors,91,
"Fri, Feb 11, 2005",7:00p,Los Angeles Clippers,91,Washington Wizards,94,
"Fri, Feb 11, 2005",7:30p,New York Knicks,94,Boston Celtics,111,
"Fri, Feb 11, 2005",7:30p,San Antonio Spurs,101,New Jersey Nets,91,
"Fri, Feb 11, 2005",8:00p,Denver Nuggets,106,Cleveland Cavaliers,101,
"Fri, Feb 11, 2005",8:00p,Portland Trail Blazers,82,Memphis Grizzlies,88,
"Fri, Feb 11, 2005",8:00p,Golden State Warriors,108,New Orleans Hornets,111,
"Fri, Feb 11, 2005",9:00p,Seattle SuperSonics,113,Phoenix Suns,105,
"Fri, Feb 11, 2005",9:00p,Minnesota Timberwolves,82,Utah Jazz,100,
"Fri, Feb 11, 2005",10:30p,Dallas Mavericks,115,Sacramento Kings,113,
"Sat, Feb 12, 2005",7:00p,Orlando Magic,99,Philadelphia 76ers,112,
"Sat, Feb 12, 2005",7:30p,Washington Wizards,86,Detroit Pistons,107,
"Sat, Feb 12, 2005",8:30p,Atlanta Hawks,83,Milwaukee Bucks,113,
"Sun, Feb 13, 2005",1:00p,San Antonio Spurs,92,Miami Heat,96,
"Sun, Feb 13, 2005",3:30p,Los Angeles Lakers,89,Cleveland Cavaliers,103,
"Sun, Feb 13, 2005",3:30p,Chicago Bulls,87,Minnesota Timberwolves,83,
"Sun, Feb 13, 2005",6:00p,Sacramento Kings,104,Boston Celtics,100,
"Sun, Feb 13, 2005",6:00p,Memphis Grizzlies,73,Indiana Pacers,76,
"Sun, Feb 13, 2005",6:00p,Denver Nuggets,79,New Jersey Nets,94,
"Sun, Feb 13, 2005",6:00p,Charlotte Bobcats,99,New York Knicks,102,
"Sun, Feb 13, 2005",6:00p,New Orleans Hornets,94,Orlando Magic,97,
"Sun, Feb 13, 2005",6:00p,Los Angeles Clippers,106,Toronto Raptors,109,
"Sun, Feb 13, 2005",8:00p,Dallas Mavericks,95,Seattle SuperSonics,92,
"Sun, Feb 13, 2005",8:30p,Portland Trail Blazers,80,Houston Rockets,81,
"Sun, Feb 13, 2005",9:00p,Phoenix Suns,106,Golden State Warriors,102,OT
"Mon, Feb 14, 2005",7:00p,Portland Trail Blazers,80,Charlotte Bobcats,77,
"Mon, Feb 14, 2005",7:00p,New York Knicks,105,Philadelphia 76ers,106,
"Mon, Feb 14, 2005",7:30p,Milwaukee Bucks,83,Detroit Pistons,107,
"Mon, Feb 14, 2005",8:00p,Washington Wizards,96,New Orleans Hornets,98,
"Mon, Feb 14, 2005",9:00p,Utah Jazz,128,Phoenix Suns,136,
"Tue, Feb 15, 2005",7:00p,Los Angeles Clippers,94,Orlando Magic,99,
"Tue, Feb 15, 2005",7:30p,Denver Nuggets,100,Atlanta Hawks,96,
"Tue, Feb 15, 2005",8:00p,New Jersey Nets,71,Minnesota Timberwolves,82,
"Tue, Feb 15, 2005",8:30p,Sacramento Kings,102,Chicago Bulls,107,
"Tue, Feb 15, 2005",8:30p,Washington Wizards,93,Houston Rockets,123,
"Tue, Feb 15, 2005",10:30p,Dallas Mavericks,114,Golden State Warriors,107,
"Tue, Feb 15, 2005",10:30p,Utah Jazz,95,Los Angeles Lakers,102,
"Wed, Feb 16, 2005",7:00p,Memphis Grizzlies,88,Boston Celtics,90,
"Wed, Feb 16, 2005",7:00p,Denver Nuggets,88,Charlotte Bobcats,94,
"Wed, Feb 16, 2005",7:00p,Atlanta Hawks,89,Cleveland Cavaliers,111,
"Wed, Feb 16, 2005",7:00p,Portland Trail Blazers,87,Indiana Pacers,95,
"Wed, Feb 16, 2005",7:00p,Detroit Pistons,93,Philadelphia 76ers,75,
"Wed, Feb 16, 2005",7:00p,Chicago Bulls,121,Toronto Raptors,115,
"Wed, Feb 16, 2005",7:30p,Los Angeles Clippers,95,Miami Heat,113,
"Wed, Feb 16, 2005",7:30p,Sacramento Kings,85,New Jersey Nets,96,
"Wed, Feb 16, 2005",7:30p,Milwaukee Bucks,90,New York Knicks,108,
"Wed, Feb 16, 2005",9:00p,San Antonio Spurs,101,New Orleans Hornets,78,
"Wed, Feb 16, 2005",9:00p,Golden State Warriors,117,Seattle SuperSonics,110,
"Thu, Feb 17, 2005",8:00p,Cleveland Cavaliers,88,Minnesota Timberwolves,94,
"Thu, Feb 17, 2005",10:30p,Dallas Mavericks,119,Phoenix Suns,113,
"Tue, Feb 22, 2005",7:00p,Milwaukee Bucks,112,Charlotte Bobcats,102,
"Tue, Feb 22, 2005",7:00p,Indiana Pacers,108,Orlando Magic,84,
"Tue, Feb 22, 2005",7:30p,New York Knicks,88,Detroit Pistons,97,
"Tue, Feb 22, 2005",7:30p,Toronto Raptors,100,New Jersey Nets,82,
"Tue, Feb 22, 2005",8:30p,Miami Heat,101,Chicago Bulls,105,OT
"Tue, Feb 22, 2005",8:30p,Seattle SuperSonics,87,Houston Rockets,85,
"Tue, Feb 22, 2005",10:00p,Atlanta Hawks,104,Sacramento Kings,114,
"Tue, Feb 22, 2005",10:30p,Boston Celtics,95,Los Angeles Lakers,104,
"Wed, Feb 23, 2005",7:00p,Chicago Bulls,91,Cleveland Cavaliers,100,
"Wed, Feb 23, 2005",7:00p,Miami Heat,91,Indiana Pacers,93,OT
"Wed, Feb 23, 2005",7:00p,Memphis Grizzlies,83,Washington Wizards,93,
"Wed, Feb 23, 2005",8:00p,New Jersey Nets,81,Milwaukee Bucks,100,
"Wed, Feb 23, 2005",8:00p,Seattle SuperSonics,103,New Orleans Hornets,85,
"Wed, Feb 23, 2005",9:00p,Boston Celtics,86,Denver Nuggets,107,
"Wed, Feb 23, 2005",9:00p,Los Angeles Clippers,101,Phoenix Suns,118,
"Wed, Feb 23, 2005",9:00p,Houston Rockets,81,San Antonio Spurs,99,
"Wed, Feb 23, 2005",9:00p,Dallas Mavericks,101,Utah Jazz,83,
"Wed, Feb 23, 2005",10:00p,Los Angeles Lakers,86,Portland Trail Blazers,83,
"Wed, Feb 23, 2005",10:30p,Atlanta Hawks,96,Golden State Warriors,101,
"Thu, Feb 24, 2005",7:00p,Philadelphia 76ers,101,New York Knicks,113,
"Thu, Feb 24, 2005",9:30p,Sacramento Kings,113,Dallas Mavericks,122,
"Thu, Feb 24, 2005",10:30p,Minnesota Timberwolves,86,Los Angeles Clippers,92,
"Fri, Feb 25, 2005",7:30p,Charlotte Bobcats,86,New Jersey Nets,93,
"Fri, Feb 25, 2005",8:00p,Cleveland Cavaliers,82,Indiana Pacers,106,
"Fri, Feb 25, 2005",8:00p,Denver Nuggets,97,Memphis Grizzlies,94,OT
"Fri, Feb 25, 2005",8:30p,Washington Wizards,90,Chicago Bulls,97,
"Fri, Feb 25, 2005",8:30p,Toronto Raptors,106,Milwaukee Bucks,102,
"Fri, Feb 25, 2005",9:00p,Boston Celtics,109,Utah Jazz,102,
"Fri, Feb 25, 2005",10:00p,Atlanta Hawks,101,Portland Trail Blazers,102,
"Fri, Feb 25, 2005",10:30p,Detroit Pistons,111,Los Angeles Lakers,90,
"Fri, Feb 25, 2005",10:30p,Minnesota Timberwolves,88,Seattle SuperSonics,98,
"Sat, Feb 26, 2005",1:00p,Orlando Magic,98,Miami Heat,101,
"Sat, Feb 26, 2005",7:00p,Chicago Bulls,94,Charlotte Bobcats,90,
"Sat, Feb 26, 2005",7:30p,Indiana Pacers,79,New York Knicks,90,
"Sat, Feb 26, 2005",7:30p,Sacramento Kings,101,Philadelphia 76ers,99,
"Sat, Feb 26, 2005",8:30p,Phoenix Suns,124,Dallas Mavericks,123,
"Sat, Feb 26, 2005",8:30p,Memphis Grizzlies,84,San Antonio Spurs,82,
"Sun, Feb 27, 2005",1:00p,Cleveland Cavaliers,98,New Jersey Nets,104,
"Sun, Feb 27, 2005",1:00p,Los Angeles Lakers,102,Toronto Raptors,108,
"Sun, Feb 27, 2005",3:00p,Seattle SuperSonics,73,Milwaukee Bucks,99,
"Sun, Feb 27, 2005",4:00p,Utah Jazz,99,Houston Rockets,92,
"Sun, Feb 27, 2005",6:00p,Sacramento Kings,110,Washington Wizards,108,
"Sun, Feb 27, 2005",7:00p,Denver Nuggets,94,New Orleans Hornets,93,
"Sun, Feb 27, 2005",7:30p,Miami Heat,112,Orlando Magic,103,
"Sun, Feb 27, 2005",8:00p,Boston Celtics,120,Phoenix Suns,113,OT
"Sun, Feb 27, 2005",8:00p,Minnesota Timberwolves,91,Portland Trail Blazers,83,
"Sun, Feb 27, 2005",9:00p,Detroit Pistons,94,Golden State Warriors,88,
"Sun, Feb 27, 2005",9:30p,Atlanta Hawks,104,Los Angeles Clippers,111,
"Mon, Feb 28, 2005",7:00p,San Antonio Spurs,94,Cleveland Cavaliers,92,
"Mon, Feb 28, 2005",7:30p,Los Angeles Lakers,115,New York Knicks,117,OT
"Mon, Feb 28, 2005",8:30p,New Orleans Hornets,86,Dallas Mavericks,90,
"Mon, Feb 28, 2005",9:00p,Los Angeles Clippers,86,Utah Jazz,87,
"Tue, Mar 1, 2005",2:00p,Golden State Warriors,97,Memphis Grizzlies,99,
"Tue, Mar 1, 2005",7:00p,Sacramento Kings,87,Charlotte Bobcats,94,
"Tue, Mar 1, 2005",7:00p,Seattle SuperSonics,101,Indiana Pacers,93,
"Tue, Mar 1, 2005",8:00p,Philadelphia 76ers,118,Milwaukee Bucks,111,
"Tue, Mar 1, 2005",8:30p,Houston Rockets,119,Chicago Bulls,89,
"Tue, Mar 1, 2005",9:00p,Atlanta Hawks,74,Denver Nuggets,97,
"Tue, Mar 1, 2005",10:00p,Detroit Pistons,103,Portland Trail Blazers,93,
"Wed, Mar 2, 2005",7:00p,Seattle SuperSonics,103,Cleveland Cavaliers,86,
"Wed, Mar 2, 2005",7:00p,Sacramento Kings,111,Orlando Magic,114,
"Wed, Mar 2, 2005",7:00p,New Jersey Nets,99,Philadelphia 76ers,93,
"Wed, Mar 2, 2005",7:00p,Houston Rockets,98,Washington Wizards,101,
"Wed, Mar 2, 2005",7:30p,Los Angeles Lakers,101,Boston Celtics,104,
"Wed, Mar 2, 2005",8:00p,Golden State Warriors,99,Minnesota Timberwolves,93,
"Wed, Mar 2, 2005",8:30p,Toronto Raptors,86,San Antonio Spurs,92,
"Wed, Mar 2, 2005",9:00p,Charlotte Bobcats,85,New Orleans Hornets,94,
"Wed, Mar 2, 2005",9:00p,Atlanta Hawks,74,Utah Jazz,96,
"Wed, Mar 2, 2005",10:30p,Dallas Mavericks,92,Los Angeles Clippers,101,
"Thu, Mar 3, 2005",7:30p,Miami Heat,106,New Jersey Nets,90,
"Thu, Mar 3, 2005",8:00p,Indiana Pacers,87,Denver Nuggets,96,
"Thu, Mar 3, 2005",10:30p,Detroit Pistons,97,Phoenix Suns,100,
"Fri, Mar 4, 2005",7:00p,New York Knicks,89,Orlando Magic,111,
"Fri, Mar 4, 2005",7:00p,Cleveland Cavaliers,89,Philadelphia 76ers,98,
"Fri, Mar 4, 2005",7:00p,Golden State Warriors,103,Washington Wizards,90,
"Fri, Mar 4, 2005",7:30p,Charlotte Bobcats,84,Boston Celtics,104,
"Fri, Mar 4, 2005",8:00p,Toronto Raptors,75,Memphis Grizzlies,86,
"Fri, Mar 4, 2005",8:00p,Sacramento Kings,83,Miami Heat,104,
"Fri, Mar 4, 2005",8:00p,Milwaukee Bucks,97,Minnesota Timberwolves,103,
"Fri, Mar 4, 2005",8:00p,Utah Jazz,85,New Orleans Hornets,92,
"Fri, Mar 4, 2005",8:30p,Chicago Bulls,99,San Antonio Spurs,102,
"Fri, Mar 4, 2005",10:00p,Indiana Pacers,106,Portland Trail Blazers,97,
"Fri, Mar 4, 2005",10:30p,Dallas Mavericks,103,Los Angeles Lakers,108,
"Fri, Mar 4, 2005",10:30p,Detroit Pistons,87,Seattle SuperSonics,95,
"Sat, Mar 5, 2005",7:00p,Philadelphia 76ers,98,Atlanta Hawks,97,
"Sat, Mar 5, 2005",7:00p,Washington Wizards,86,Charlotte Bobcats,84,
"Sat, Mar 5, 2005",7:30p,Orlando Magic,105,New Jersey Nets,81,
"Sat, Mar 5, 2005",8:30p,Chicago Bulls,87,Milwaukee Bucks,95,
"Sat, Mar 5, 2005",9:00p,Portland Trail Blazers,116,Phoenix Suns,129,
"Sat, Mar 5, 2005",10:30p,Denver Nuggets,105,Los Angeles Clippers,89,
"Sun, Mar 6, 2005",1:00p,Dallas Mavericks,69,Houston Rockets,90,
"Sun, Mar 6, 2005",3:30p,Detroit Pistons,85,Sacramento Kings,100,
"Sun, Mar 6, 2005",6:00p,Minnesota Timberwolves,99,Boston Celtics,97,
"Sun, Mar 6, 2005",7:00p,Toronto Raptors,95,New Orleans Hornets,84,
"Sun, Mar 6, 2005",7:00p,Utah Jazz,94,San Antonio Spurs,101,
"Sun, Mar 6, 2005",7:30p,Miami Heat,102,Cleveland Cavaliers,82,
"Sun, Mar 6, 2005",7:30p,Golden State Warriors,99,New York Knicks,115,
"Sun, Mar 6, 2005",9:00p,Phoenix Suns,110,Seattle SuperSonics,99,
"Sun, Mar 6, 2005",9:30p,Indiana Pacers,94,Los Angeles Lakers,103,
"Mon, Mar 7, 2005",7:30p,Philadelphia 76ers,100,Miami Heat,108,
"Mon, Mar 7, 2005",8:30p,Milwaukee Bucks,85,Chicago Bulls,90,
"Mon, Mar 7, 2005",8:30p,Toronto Raptors,105,Dallas Mavericks,113,
"Mon, Mar 7, 2005",9:00p,Portland Trail Blazers,98,Denver Nuggets,111,
"Mon, Mar 7, 2005",10:30p,Memphis Grizzlies,105,Los Angeles Clippers,102,
"Tue, Mar 8, 2005",7:00p,Orlando Magic,92,Cleveland Cavaliers,111,
"Tue, Mar 8, 2005",7:00p,Golden State Warriors,104,Philadelphia 76ers,85,
"Tue, Mar 8, 2005",7:30p,Washington Wizards,83,New York Knicks,93,
"Tue, Mar 8, 2005",8:00p,Atlanta Hawks,101,Milwaukee Bucks,105,
"Tue, Mar 8, 2005",8:00p,Charlotte Bobcats,97,Minnesota Timberwolves,102,
"Tue, Mar 8, 2005",8:30p,New Jersey Nets,74,San Antonio Spurs,90,
"Tue, Mar 8, 2005",9:00p,Indiana Pacers,89,Utah Jazz,83,
"Tue, Mar 8, 2005",10:00p,Memphis Grizzlies,82,Sacramento Kings,85,
"Tue, Mar 8, 2005",10:00p,Houston Rockets,97,Seattle SuperSonics,95,
"Tue, Mar 8, 2005",10:30p,Los Angeles Clippers,110,Los Angeles Lakers,101,
"Wed, Mar 9, 2005",7:00p,Atlanta Hawks,91,Boston Celtics,95,
"Wed, Mar 9, 2005",7:00p,Orlando Magic,96,Toronto Raptors,106,
"Wed, Mar 9, 2005",7:30p,Golden State Warriors,88,Detroit Pistons,92,
"Wed, Mar 9, 2005",8:00p,New Jersey Nets,86,New Orleans Hornets,85,OT
"Wed, Mar 9, 2005",9:00p,San Antonio Spurs,101,Phoenix Suns,107,
"Wed, Mar 9, 2005",10:00p,Chicago Bulls,97,Portland Trail Blazers,84,
"Thu, Mar 10, 2005",7:00p,Minnesota Timberwolves,90,Miami Heat,107,
"Thu, Mar 10, 2005",9:30p,Los Angeles Lakers,100,Dallas Mavericks,95,
"Fri, Mar 11, 2005",7:00p,Golden State Warriors,83,Indiana Pacers,101,
"Fri, Mar 11, 2005",7:00p,Minnesota Timberwolves,101,Orlando Magic,96,
"Fri, Mar 11, 2005",7:00p,Charlotte Bobcats,80,Philadelphia 76ers,112,
"Fri, Mar 11, 2005",7:00p,Atlanta Hawks,116,Toronto Raptors,112,OT
"Fri, Mar 11, 2005",7:30p,Detroit Pistons,113,Boston Celtics,115,2OT
"Fri, Mar 11, 2005",8:30p,Dallas Mavericks,112,Milwaukee Bucks,110,
"Fri, Mar 11, 2005",9:00p,Houston Rockets,127,Phoenix Suns,107,
"Fri, Mar 11, 2005",9:00p,Memphis Grizzlies,94,Utah Jazz,82,
"Fri, Mar 11, 2005",10:00p,Los Angeles Clippers,112,Sacramento Kings,113,
"Fri, Mar 11, 2005",10:30p,Chicago Bulls,100,Seattle SuperSonics,97,
"Sat, Mar 12, 2005",1:00p,New Jersey Nets,65,Miami Heat,90,
"Sat, Mar 12, 2005",7:00p,Golden State Warriors,105,Atlanta Hawks,92,
"Sat, Mar 12, 2005",7:00p,Los Angeles Lakers,117,Charlotte Bobcats,116,
"Sat, Mar 12, 2005",8:00p,Milwaukee Bucks,107,New Orleans Hornets,111,
"Sat, Mar 12, 2005",8:30p,Denver Nuggets,90,San Antonio Spurs,87,
"Sat, Mar 12, 2005",10:00p,Memphis Grizzlies,66,Portland Trail Blazers,80,
"Sun, Mar 13, 2005",1:00p,Dallas Mavericks,102,Minnesota Timberwolves,93,
"Sun, Mar 13, 2005",3:30p,Chicago Bulls,78,Los Angeles Clippers,83,
"Sun, Mar 13, 2005",3:30p,Houston Rockets,111,Sacramento Kings,96,
"Sun, Mar 13, 2005",6:00p,Washington Wizards,101,Boston Celtics,105,
"Sun, Mar 13, 2005",6:00p,Utah Jazz,62,Detroit Pistons,64,
"Sun, Mar 13, 2005",6:00p,Seattle SuperSonics,90,New York Knicks,80,
"Sun, Mar 13, 2005",6:00p,New Jersey Nets,98,Orlando Magic,82,
"Sun, Mar 13, 2005",6:00p,Philadelphia 76ers,110,Toronto Raptors,128,
"Sun, Mar 13, 2005",7:00p,Indiana Pacers,86,Cleveland Cavaliers,98,
"Sun, Mar 13, 2005",9:00p,Phoenix Suns,106,Denver Nuggets,101,
"Mon, Mar 14, 2005",7:00p,Boston Celtics,119,Charlotte Bobcats,110,
"Mon, Mar 14, 2005",7:00p,Los Angeles Lakers,81,Washington Wizards,95,
"Mon, Mar 14, 2005",7:30p,Detroit Pistons,114,Atlanta Hawks,108,OT
"Mon, Mar 14, 2005",7:30p,Milwaukee Bucks,71,Miami Heat,110,
"Mon, Mar 14, 2005",8:00p,Portland Trail Blazers,83,Memphis Grizzlies,104,
"Mon, Mar 14, 2005",8:30p,New Orleans Hornets,89,San Antonio Spurs,112,
"Mon, Mar 14, 2005",10:30p,Houston Rockets,97,Golden State Warriors,94,
"Tue, Mar 15, 2005",7:00p,Utah Jazz,73,Cleveland Cavaliers,92,
"Tue, Mar 15, 2005",7:00p,Los Angeles Lakers,91,Philadelphia 76ers,108,
"Tue, Mar 15, 2005",7:30p,Miami Heat,98,New York Knicks,96,
"Tue, Mar 15, 2005",8:30p,Seattle SuperSonics,99,Chicago Bulls,93,
"Tue, Mar 15, 2005",8:30p,Minnesota Timberwolves,100,Dallas Mavericks,91,
"Tue, Mar 15, 2005",10:00p,Orlando Magic,94,Sacramento Kings,105,
"Wed, Mar 16, 2005",7:00p,Toronto Raptors,109,Boston Celtics,110,
"Wed, Mar 16, 2005",7:00p,Utah Jazz,84,Indiana Pacers,103,
"Wed, Mar 16, 2005",7:30p,Washington Wizards,122,Atlanta Hawks,93,
"Wed, Mar 16, 2005",7:30p,Seattle SuperSonics,95,Detroit Pistons,102,
"Wed, Mar 16, 2005",7:30p,Chicago Bulls,84,New Jersey Nets,100,
"Wed, Mar 16, 2005",8:00p,Cleveland Cavaliers,88,Milwaukee Bucks,96,
"Wed, Mar 16, 2005",8:00p,Memphis Grizzlies,88,New Orleans Hornets,82,
"Wed, Mar 16, 2005",8:30p,Portland Trail Blazers,77,Houston Rockets,108,
"Wed, Mar 16, 2005",9:00p,Charlotte Bobcats,101,Denver Nuggets,120,
"Wed, Mar 16, 2005",9:00p,Minnesota Timberwolves,73,San Antonio Spurs,89,
"Wed, Mar 16, 2005",10:30p,Orlando Magic,102,Los Angeles Clippers,110,
"Thu, Mar 17, 2005",8:00p,Los Angeles Lakers,89,Miami Heat,102,
"Thu, Mar 17, 2005",8:30p,Portland Trail Blazers,94,Dallas Mavericks,98,
"Thu, Mar 17, 2005",10:30p,Sacramento Kings,97,Golden State Warriors,100,
"Fri, Mar 18, 2005",7:30p,New York Knicks,106,Atlanta Hawks,92,
"Fri, Mar 18, 2005",7:30p,Philadelphia 76ers,93,Cleveland Cavaliers,81,
"Fri, Mar 18, 2005",7:30p,Los Angeles Lakers,97,Indiana Pacers,103,
"Fri, Mar 18, 2005",7:30p,Utah Jazz,80,New Jersey Nets,94,
"Fri, Mar 18, 2005",8:00p,Toronto Raptors,92,Detroit Pistons,103,
"Fri, Mar 18, 2005",8:00p,Minnesota Timberwolves,83,Memphis Grizzlies,88,
"Fri, Mar 18, 2005",8:30p,New Orleans Hornets,94,Chicago Bulls,90,
"Fri, Mar 18, 2005",8:30p,Boston Celtics,103,Houston Rockets,92,
"Fri, Mar 18, 2005",8:30p,Washington Wizards,90,Milwaukee Bucks,99,
"Fri, Mar 18, 2005",8:30p,Charlotte Bobcats,76,San Antonio Spurs,93,
"Fri, Mar 18, 2005",9:00p,Los Angeles Clippers,96,Denver Nuggets,115,
"Fri, Mar 18, 2005",9:00p,Golden State Warriors,110,Phoenix Suns,100,
"Fri, Mar 18, 2005",10:30p,Orlando Magic,90,Seattle SuperSonics,98,
"Sat, Mar 19, 2005",7:00p,Chicago Bulls,94,Philadelphia 76ers,88,
"Sat, Mar 19, 2005",7:00p,Utah Jazz,95,Washington Wizards,96,
"Sat, Mar 19, 2005",7:30p,New York Knicks,82,Miami Heat,97,
"Sat, Mar 19, 2005",8:00p,Boston Celtics,113,New Orleans Hornets,100,
"Sat, Mar 19, 2005",8:30p,Charlotte Bobcats,93,Dallas Mavericks,104,
"Sat, Mar 19, 2005",10:00p,Orlando Magic,97,Portland Trail Blazers,92,
"Sat, Mar 19, 2005",10:30p,Sacramento Kings,111,Los Angeles Clippers,107,OT
"Sun, Mar 20, 2005",1:00p,Cleveland Cavaliers,98,Toronto Raptors,105,
"Sun, Mar 20, 2005",3:30p,San Antonio Spurs,101,Detroit Pistons,110,
"Sun, Mar 20, 2005",3:30p,New Jersey Nets,94,Indiana Pacers,85,
"Sun, Mar 20, 2005",3:30p,Phoenix Suns,97,Memphis Grizzlies,91,
"Sun, Mar 20, 2005",7:30p,Houston Rockets,86,Minnesota Timberwolves,94,
"Sun, Mar 20, 2005",9:00p,Milwaukee Bucks,103,Denver Nuggets,114,
"Sun, Mar 20, 2005",9:00p,Golden State Warriors,104,Sacramento Kings,94,
"Sun, Mar 20, 2005",9:30p,Seattle SuperSonics,102,Los Angeles Lakers,100,
"Mon, Mar 21, 2005",7:00p,Orlando Magic,97,Charlotte Bobcats,102,
"Mon, Mar 21, 2005",7:30p,San Antonio Spurs,75,New York Knicks,88,
"Mon, Mar 21, 2005",8:30p,Atlanta Hawks,91,Chicago Bulls,105,
"Mon, Mar 21, 2005",8:30p,New Orleans Hornets,86,Dallas Mavericks,103,
"Mon, Mar 21, 2005",10:30p,Portland Trail Blazers,89,Los Angeles Clippers,96,
"Tue, Mar 22, 2005",7:00p,Detroit Pistons,76,Cleveland Cavaliers,91,
"Tue, Mar 22, 2005",7:30p,Phoenix Suns,105,Atlanta Hawks,94,
"Tue, Mar 22, 2005",7:30p,Indiana Pacers,91,New Jersey Nets,98,
"Tue, Mar 22, 2005",9:00p,Washington Wizards,98,Denver Nuggets,127,
"Tue, Mar 22, 2005",9:00p,Los Angeles Lakers,107,Utah Jazz,115,
"Tue, Mar 22, 2005",9:30p,Miami Heat,82,Houston Rockets,84,
"Tue, Mar 22, 2005",10:00p,Portland Trail Blazers,93,Sacramento Kings,112,
"Tue, Mar 22, 2005",10:00p,Milwaukee Bucks,84,Seattle SuperSonics,92,
"Wed, Mar 23, 2005",7:00p,Phoenix Suns,120,Charlotte Bobcats,105,
"Wed, Mar 23, 2005",7:00p,San Antonio Spurs,93,Indiana Pacers,100,
"Wed, Mar 23, 2005",7:00p,Chicago Bulls,94,Toronto Raptors,85,
"Wed, Mar 23, 2005",7:30p,Boston Celtics,82,New York Knicks,107,
"Wed, Mar 23, 2005",8:00p,New Orleans Hornets,102,Minnesota Timberwolves,107,
"Wed, Mar 23, 2005",8:00p,Detroit Pistons,84,Philadelphia 76ers,107,
"Wed, Mar 23, 2005",10:30p,Dallas Mavericks,109,Golden State Warriors,97,
"Wed, Mar 23, 2005",10:30p,Milwaukee Bucks,108,Los Angeles Clippers,116,
"Thu, Mar 24, 2005",7:00p,Charlotte Bobcats,108,Orlando Magic,94,
"Thu, Mar 24, 2005",7:30p,Memphis Grizzlies,105,New Jersey Nets,96,
"Thu, Mar 24, 2005",8:30p,Cleveland Cavaliers,80,Houston Rockets,99,
"Thu, Mar 24, 2005",9:00p,Los Angeles Lakers,96,Denver Nuggets,117,
"Thu, Mar 24, 2005",9:00p,Washington Wizards,85,Utah Jazz,84,
"Thu, Mar 24, 2005",10:00p,Seattle SuperSonics,96,Portland Trail Blazers,91,
"Thu, Mar 24, 2005",10:00p,Dallas Mavericks,101,Sacramento Kings,109,
"Fri, Mar 25, 2005",7:00p,Toronto Raptors,101,Philadelphia 76ers,103,
"Fri, Mar 25, 2005",7:30p,Chicago Bulls,94,Boston Celtics,86,
"Fri, Mar 25, 2005",8:00p,Indiana Pacers,94,Detroit Pistons,81,
"Fri, Mar 25, 2005",8:00p,Phoenix Suns,115,Miami Heat,125,
"Fri, Mar 25, 2005",8:00p,Houston Rockets,81,New Orleans Hornets,68,
"Fri, Mar 25, 2005",8:30p,Atlanta Hawks,95,San Antonio Spurs,111,
"Fri, Mar 25, 2005",10:30p,Milwaukee Bucks,117,Golden State Warriors,118,OT
"Fri, Mar 25, 2005",10:30p,Washington Wizards,94,Los Angeles Clippers,98,
"Fri, Mar 25, 2005",10:30p,New York Knicks,101,Seattle SuperSonics,109,OT
"Sat, Mar 26, 2005",1:00p,Minnesota Timberwolves,96,New Jersey Nets,75,
"Sat, Mar 26, 2005",7:00p,Toronto Raptors,109,Atlanta Hawks,104,
"Sat, Mar 26, 2005",7:00p,Miami Heat,92,Charlotte Bobcats,94,
"Sat, Mar 26, 2005",7:00p,Phoenix Suns,118,Orlando Magic,116,
"Sat, Mar 26, 2005",7:30p,Boston Celtics,99,Detroit Pistons,105,OT
"Sat, Mar 26, 2005",8:00p,New Orleans Hornets,96,Memphis Grizzlies,85,
"Sat, Mar 26, 2005",8:30p,Indiana Pacers,96,Chicago Bulls,100,
"Sat, Mar 26, 2005",8:30p,Cleveland Cavaliers,86,Dallas Mavericks,117,
"Sat, Mar 26, 2005",9:00p,Sacramento Kings,99,Denver Nuggets,113,
"Sat, Mar 26, 2005",9:00p,Milwaukee Bucks,89,Utah Jazz,94,
"Sat, Mar 26, 2005",10:00p,New York Knicks,96,Portland Trail Blazers,103,
"Sun, Mar 27, 2005",1:00p,Houston Rockets,70,San Antonio Spurs,83,
"Sun, Mar 27, 2005",3:30p,Los Angeles Clippers,85,Minnesota Timberwolves,89,
"Sun, Mar 27, 2005",7:30p,Philadelphia 76ers,96,Los Angeles Lakers,89,
"Sun, Mar 27, 2005",8:00p,Washington Wizards,95,Seattle SuperSonics,94,
"Mon, Mar 28, 2005",7:00p,New Jersey Nets,95,Charlotte Bobcats,91,
"Mon, Mar 28, 2005",7:00p,Atlanta Hawks,102,Orlando Magic,109,
"Mon, Mar 28, 2005",7:30p,Dallas Mavericks,95,Detroit Pistons,88,
"Mon, Mar 28, 2005",8:00p,Indiana Pacers,90,Milwaukee Bucks,76,
"Mon, Mar 28, 2005",8:00p,Cleveland Cavaliers,109,New Orleans Hornets,108,OT
"Mon, Mar 28, 2005",8:30p,Memphis Grizzlies,86,Chicago Bulls,94,
"Mon, Mar 28, 2005",9:00p,Denver Nuggets,114,Phoenix Suns,123,
"Mon, Mar 28, 2005",9:00p,Houston Rockets,99,Utah Jazz,85,
"Mon, Mar 28, 2005",10:00p,Washington Wizards,114,Portland Trail Blazers,106,
"Mon, Mar 28, 2005",10:00p,Philadelphia 76ers,109,Sacramento Kings,118,
"Mon, Mar 28, 2005",10:30p,New York Knicks,100,Golden State Warriors,108,
"Tue, Mar 29, 2005",7:00p,Los Angeles Clippers,84,Cleveland Cavaliers,94,
"Tue, Mar 29, 2005",7:30p,Toronto Raptors,91,Miami Heat,103,
"Tue, Mar 29, 2005",8:00p,Seattle SuperSonics,102,Memphis Grizzlies,99,
"Tue, Mar 29, 2005",10:30p,New York Knicks,107,Los Angeles Lakers,117,
"Wed, Mar 30, 2005",7:00p,Dallas Mavericks,112,Boston Celtics,100,
"Wed, Mar 30, 2005",7:00p,Chicago Bulls,102,Charlotte Bobcats,99,
"Wed, Mar 30, 2005",7:00p,Toronto Raptors,96,Orlando Magic,108,
"Wed, Mar 30, 2005",7:00p,Atlanta Hawks,99,Washington Wizards,102,
"Wed, Mar 30, 2005",7:30p,Sacramento Kings,82,Detroit Pistons,99,
"Wed, Mar 30, 2005",7:30p,Los Angeles Clippers,78,New Jersey Nets,95,
"Wed, Mar 30, 2005",8:00p,Golden State Warriors,113,Milwaukee Bucks,109,
"Wed, Mar 30, 2005",8:30p,Seattle SuperSonics,76,San Antonio Spurs,89,
"Wed, Mar 30, 2005",9:00p,Denver Nuggets,109,Utah Jazz,98,
"Wed, Mar 30, 2005",10:00p,Philadelphia 76ers,87,Phoenix Suns,116,
"Wed, Mar 30, 2005",10:00p,Houston Rockets,100,Portland Trail Blazers,84,
"Thu, Mar 31, 2005",8:00p,Cleveland Cavaliers,90,Chicago Bulls,102,OT
"Thu, Mar 31, 2005",8:00p,Miami Heat,108,Indiana Pacers,114,OT
"Thu, Mar 31, 2005",10:30p,Minnesota Timberwolves,105,Los Angeles Lakers,96,
"Fri, Apr 1, 2005",7:00p,Toronto Raptors,119,Charlotte Bobcats,107,
"Fri, Apr 1, 2005",7:00p,Washington Wizards,111,Orlando Magic,102,
"Fri, Apr 1, 2005",7:00p,Dallas Mavericks,100,Philadelphia 76ers,83,
"Fri, Apr 1, 2005",7:30p,Boston Celtics,116,Atlanta Hawks,100,
"Fri, Apr 1, 2005",8:00p,Sacramento Kings,128,Cleveland Cavaliers,109,
"Fri, Apr 1, 2005",8:00p,Los Angeles Clippers,84,Detroit Pistons,97,
"Fri, Apr 1, 2005",8:00p,New Jersey Nets,93,New York Knicks,91,
"Fri, Apr 1, 2005",8:30p,New Orleans Hornets,76,Houston Rockets,73,
"Fri, Apr 1, 2005",8:30p,Memphis Grizzlies,93,Milwaukee Bucks,82,
"Fri, Apr 1, 2005",9:00p,Minnesota Timberwolves,98,Phoenix Suns,107,
"Fri, Apr 1, 2005",9:00p,Golden State Warriors,108,Utah Jazz,91,
"Fri, Apr 1, 2005",10:30p,San Antonio Spurs,84,Denver Nuggets,102,
"Fri, Apr 1, 2005",10:30p,Portland Trail Blazers,87,Seattle SuperSonics,89,
"Sat, Apr 2, 2005",7:30p,Orlando Magic,103,New Jersey Nets,102,
"Sat, Apr 2, 2005",8:00p,Miami Heat,111,New Orleans Hornets,99,
"Sat, Apr 2, 2005",8:30p,Charlotte Bobcats,97,Chicago Bulls,112,
"Sat, Apr 2, 2005",8:30p,Los Angeles Lakers,94,San Antonio Spurs,95,
"Sat, Apr 2, 2005",10:00p,Denver Nuggets,103,Portland Trail Blazers,97,
"Sun, Apr 3, 2005",1:00p,Philadelphia 76ers,97,Boston Celtics,93,
"Sun, Apr 3, 2005",1:00p,Indiana Pacers,79,Washington Wizards,76,
"Sun, Apr 3, 2005",2:00p,New York Knicks,102,Milwaukee Bucks,106,
"Sun, Apr 3, 2005",3:30p,Dallas Mavericks,80,Cleveland Cavaliers,100,
"Sun, Apr 3, 2005",3:30p,Minnesota Timberwolves,112,Sacramento Kings,100,
"Sun, Apr 3, 2005",6:00p,Los Angeles Clippers,111,Atlanta Hawks,91,
"Sun, Apr 3, 2005",6:00p,Seattle SuperSonics,92,Golden State Warriors,101,
"Sun, Apr 3, 2005",6:00p,Detroit Pistons,113,Toronto Raptors,103,
"Sun, Apr 3, 2005",8:00p,Los Angeles Lakers,82,Memphis Grizzlies,102,
"Sun, Apr 3, 2005",8:30p,Phoenix Suns,91,Houston Rockets,78,
"Tue, Apr 5, 2005",7:00p,Los Angeles Clippers,104,Charlotte Bobcats,102,
"Tue, Apr 5, 2005",7:00p,New Jersey Nets,111,Cleveland Cavaliers,80,
"Tue, Apr 5, 2005",7:00p,Boston Celtics,116,Washington Wizards,108,
"Tue, Apr 5, 2005",7:30p,New Orleans Hornets,96,Atlanta Hawks,86,
"Tue, Apr 5, 2005",7:30p,Chicago Bulls,86,Miami Heat,104,
"Tue, Apr 5, 2005",7:30p,Indiana Pacers,97,New York Knicks,79,
"Tue, Apr 5, 2005",8:00p,Denver Nuggets,94,Memphis Grizzlies,91,
"Tue, Apr 5, 2005",8:30p,Orlando Magic,105,Dallas Mavericks,114,
"Tue, Apr 5, 2005",9:00p,Portland Trail Blazers,79,Utah Jazz,90,
"Tue, Apr 5, 2005",10:00p,Los Angeles Lakers,99,Phoenix Suns,125,
"Tue, Apr 5, 2005",10:00p,Seattle SuperSonics,101,Sacramento Kings,122,
"Tue, Apr 5, 2005",10:30p,Houston Rockets,117,Golden State Warriors,122,
"Wed, Apr 6, 2005",7:00p,Milwaukee Bucks,97,Boston Celtics,103,
"Wed, Apr 6, 2005",7:00p,Cleveland Cavaliers,77,Indiana Pacers,98,
"Wed, Apr 6, 2005",7:00p,Chicago Bulls,102,Orlando Magic,101,OT
"Wed, Apr 6, 2005",7:00p,Charlotte Bobcats,103,Philadelphia 76ers,106,
"Wed, Apr 6, 2005",7:00p,Memphis Grizzlies,104,Toronto Raptors,74,
"Wed, Apr 6, 2005",7:30p,Washington Wizards,93,Detroit Pistons,105,
"Wed, Apr 6, 2005",8:00p,Denver Nuggets,94,New Orleans Hornets,83,
"Wed, Apr 6, 2005",8:30p,Los Angeles Clippers,82,San Antonio Spurs,91,
"Wed, Apr 6, 2005",9:30p,Utah Jazz,86,Minnesota Timberwolves,111,
"Wed, Apr 6, 2005",10:00p,Golden State Warriors,104,Portland Trail Blazers,102,
"Thu, Apr 7, 2005",7:30p,New York Knicks,98,New Jersey Nets,110,
"Thu, Apr 7, 2005",8:00p,San Antonio Spurs,68,Dallas Mavericks,104,
"Thu, Apr 7, 2005",10:30p,Houston Rockets,114,Los Angeles Lakers,100,
"Fri, Apr 8, 2005",7:00p,Detroit Pistons,114,Orlando Magic,102,
"Fri, Apr 8, 2005",7:00p,Cleveland Cavaliers,98,Philadelphia 76ers,103,
"Fri, Apr 8, 2005",7:00p,Atlanta Hawks,101,Toronto Raptors,109,OT
"Fri, Apr 8, 2005",8:00p,Washington Wizards,83,Indiana Pacers,93,
"Fri, Apr 8, 2005",8:00p,Miami Heat,81,Memphis Grizzlies,97,
"Fri, Apr 8, 2005",8:00p,Utah Jazz,98,New Orleans Hornets,87,
"Fri, Apr 8, 2005",8:00p,Chicago Bulls,102,New York Knicks,94,
"Fri, Apr 8, 2005",8:30p,Charlotte Bobcats,75,Milwaukee Bucks,93,
"Fri, Apr 8, 2005",9:30p,Denver Nuggets,107,Minnesota Timberwolves,104,
"Fri, Apr 8, 2005",10:00p,Sacramento Kings,119,Portland Trail Blazers,115,
"Fri, Apr 8, 2005",10:30p,Phoenix Suns,119,Golden State Warriors,127,
"Fri, Apr 8, 2005",10:30p,Los Angeles Lakers,117,Seattle SuperSonics,94,
"Sat, Apr 9, 2005",1:00p,Boston Celtics,86,New Jersey Nets,99,
"Sat, Apr 9, 2005",7:00p,Minnesota Timberwolves,98,Atlanta Hawks,105,
"Sat, Apr 9, 2005",7:00p,Philadelphia 76ers,112,Washington Wizards,106,
"Sat, Apr 9, 2005",7:30p,Milwaukee Bucks,81,Cleveland Cavaliers,98,
"Sat, Apr 9, 2005",8:30p,Toronto Raptors,97,Chicago Bulls,110,
"Sat, Apr 9, 2005",8:30p,Utah Jazz,81,Dallas Mavericks,88,
"Sat, Apr 9, 2005",9:00p,Seattle SuperSonics,105,Denver Nuggets,121,
"Sat, Apr 9, 2005",10:00p,Houston Rockets,98,Phoenix Suns,97,
"Sat, Apr 9, 2005",10:30p,San Antonio Spurs,125,Los Angeles Clippers,124,2OT
"Sun, Apr 10, 2005",1:00p,Detroit Pistons,80,Miami Heat,72,
"Sun, Apr 10, 2005",3:30p,New York Knicks,113,Indiana Pacers,112,OT
"Sun, Apr 10, 2005",3:30p,Los Angeles Lakers,105,Sacramento Kings,124,
"Sun, Apr 10, 2005",7:00p,Portland Trail Blazers,90,New Orleans Hornets,81,
"Sun, Apr 10, 2005",8:00p,Charlotte Bobcats,95,Memphis Grizzlies,102,
"Sun, Apr 10, 2005",9:00p,San Antonio Spurs,136,Golden State Warriors,134,2OT
"Mon, Apr 11, 2005",7:00p,Cleveland Cavaliers,114,Orlando Magic,106,
"Mon, Apr 11, 2005",7:00p,Indiana Pacers,94,Toronto Raptors,90,
"Mon, Apr 11, 2005",7:00p,Milwaukee Bucks,112,Washington Wizards,119,
"Mon, Apr 11, 2005",7:30p,Charlotte Bobcats,110,Atlanta Hawks,105,OT
"Mon, Apr 11, 2005",8:30p,Detroit Pistons,85,Chicago Bulls,84,OT
"Mon, Apr 11, 2005",8:30p,Memphis Grizzlies,89,Dallas Mavericks,110,
"Mon, Apr 11, 2005",9:00p,Golden State Warriors,106,Denver Nuggets,122,
"Mon, Apr 11, 2005",10:00p,Houston Rockets,90,Seattle SuperSonics,78,
"Mon, Apr 11, 2005",10:30p,Phoenix Suns,108,Los Angeles Lakers,97,
"Tue, Apr 12, 2005",7:00p,Boston Celtics,105,Philadelphia 76ers,98,
"Tue, Apr 12, 2005",7:30p,Toronto Raptors,105,New York Knicks,93,
"Tue, Apr 12, 2005",8:30p,Portland Trail Blazers,89,San Antonio Spurs,95,
"Tue, Apr 12, 2005",10:00p,New Orleans Hornets,85,Phoenix Suns,99,
"Tue, Apr 12, 2005",10:30p,Utah Jazz,85,Los Angeles Clippers,94,
"Wed, Apr 13, 2005",7:00p,Atlanta Hawks,84,Charlotte Bobcats,105,
"Wed, Apr 13, 2005",7:30p,Orlando Magic,94,Detroit Pistons,103,
"Wed, Apr 13, 2005",8:00p,New Jersey Nets,86,Indiana Pacers,90,
"Wed, Apr 13, 2005",8:00p,Boston Celtics,111,Milwaukee Bucks,108,
"Wed, Apr 13, 2005",8:00p,Golden State Warriors,100,Minnesota Timberwolves,116,
"Wed, Apr 13, 2005",8:00p,Chicago Bulls,82,Washington Wizards,93,
"Wed, Apr 13, 2005",8:30p,Memphis Grizzlies,92,Houston Rockets,100,
"Wed, Apr 13, 2005",9:00p,New Orleans Hornets,102,Denver Nuggets,116,
"Wed, Apr 13, 2005",9:00p,San Antonio Spurs,91,Utah Jazz,93,
"Wed, Apr 13, 2005",10:30p,Dallas Mavericks,95,Seattle SuperSonics,90,
"Thu, Apr 14, 2005",8:00p,New York Knicks,95,Cleveland Cavaliers,89,
"Thu, Apr 14, 2005",8:00p,Miami Heat,119,Philadelphia 76ers,126,OT
"Thu, Apr 14, 2005",10:30p,Dallas Mavericks,102,Portland Trail Blazers,90,
"Fri, Apr 15, 2005",7:00p,New Jersey Nets,101,Toronto Raptors,90,
"Fri, Apr 15, 2005",7:30p,Miami Heat,99,Boston Celtics,101,
"Fri, Apr 15, 2005",8:00p,Milwaukee Bucks,73,Detroit Pistons,99,
"Fri, Apr 15, 2005",8:00p,Philadelphia 76ers,90,Indiana Pacers,86,
"Fri, Apr 15, 2005",8:00p,Cleveland Cavaliers,111,Washington Wizards,119,
"Fri, Apr 15, 2005",8:30p,Orlando Magic,77,Chicago Bulls,117,
"Fri, Apr 15, 2005",9:00p,Memphis Grizzlies,102,Denver Nuggets,111,
"Fri, Apr 15, 2005",9:00p,Minnesota Timberwolves,100,Utah Jazz,84,
"Fri, Apr 15, 2005",10:00p,Los Angeles Clippers,91,Phoenix Suns,98,
"Fri, Apr 15, 2005",10:30p,Portland Trail Blazers,88,Golden State Warriors,108,
"Fri, Apr 15, 2005",10:30p,Sacramento Kings,115,Los Angeles Lakers,106,
"Fri, Apr 15, 2005",10:30p,New Orleans Hornets,72,Seattle SuperSonics,97,
"Sat, Apr 16, 2005",1:00p,New York Knicks,100,Charlotte Bobcats,98,
"Sat, Apr 16, 2005",7:00p,Chicago Bulls,114,Atlanta Hawks,105,
"Sat, Apr 16, 2005",7:30p,Denver Nuggets,87,Houston Rockets,115,
"Sat, Apr 16, 2005",8:30p,Orlando Magic,103,Milwaukee Bucks,113,
"Sat, Apr 16, 2005",8:30p,Memphis Grizzlies,75,San Antonio Spurs,97,
"Sat, Apr 16, 2005",10:00p,Sacramento Kings,98,Phoenix Suns,116,
"Sat, Apr 16, 2005",10:30p,New Orleans Hornets,89,Los Angeles Clippers,94,
"Sun, Apr 17, 2005",1:00p,Cleveland Cavaliers,87,Detroit Pistons,90,
"Sun, Apr 17, 2005",1:00p,Charlotte Bobcats,104,Washington Wizards,106,
"Sun, Apr 17, 2005",3:30p,Dallas Mavericks,114,Los Angeles Lakers,112,
"Sun, Apr 17, 2005",3:30p,Indiana Pacers,80,Miami Heat,84,
"Sun, Apr 17, 2005",3:30p,Seattle SuperSonics,109,Minnesota Timberwolves,94,
"Sun, Apr 17, 2005",6:00p,Philadelphia 76ers,83,New Jersey Nets,104,
"Sun, Apr 17, 2005",6:00p,Boston Celtics,103,Toronto Raptors,98,
"Sun, Apr 17, 2005",7:30p,Atlanta Hawks,139,New York Knicks,135,OT
"Sun, Apr 17, 2005",8:00p,Utah Jazz,82,Portland Trail Blazers,100,
"Mon, Apr 18, 2005",7:00p,Indiana Pacers,88,Orlando Magic,92,
"Mon, Apr 18, 2005",7:00p,Milwaukee Bucks,106,Philadelphia 76ers,122,
"Mon, Apr 18, 2005",8:00p,San Antonio Spurs,92,Memphis Grizzlies,94,
"Mon, Apr 18, 2005",8:00p,Minnesota Timberwolves,102,New Orleans Hornets,99,
"Mon, Apr 18, 2005",8:30p,Los Angeles Clippers,90,Houston Rockets,115,
"Mon, Apr 18, 2005",9:00p,Sacramento Kings,82,Utah Jazz,92,
"Mon, Apr 18, 2005",10:00p,Denver Nuggets,114,Phoenix Suns,128,
"Mon, Apr 18, 2005",10:30p,Los Angeles Lakers,99,Golden State Warriors,126,
"Tue, Apr 19, 2005",7:00p,Boston Celtics,86,Cleveland Cavaliers,100,
"Tue, Apr 19, 2005",7:30p,Detroit Pistons,95,Atlanta Hawks,68,
"Tue, Apr 19, 2005",7:30p,Charlotte Bobcats,80,Miami Heat,99,
"Tue, Apr 19, 2005",7:30p,Washington Wizards,101,New Jersey Nets,109,
"Tue, Apr 19, 2005",8:00p,Toronto Raptors,127,Milwaukee Bucks,109,
"Tue, Apr 19, 2005",8:30p,New York Knicks,91,Chicago Bulls,92,
"Tue, Apr 19, 2005",8:30p,Seattle SuperSonics,96,Dallas Mavericks,101,
"Tue, Apr 19, 2005",9:00p,Portland Trail Blazers,115,Denver Nuggets,119,
"Wed, Apr 20, 2005",7:00p,New Jersey Nets,102,Boston Celtics,93,
"Wed, Apr 20, 2005",7:00p,Detroit Pistons,86,Charlotte Bobcats,97,
"Wed, Apr 20, 2005",7:00p,Miami Heat,98,Orlando Magic,93,
"Wed, Apr 20, 2005",7:00p,Atlanta Hawks,86,Philadelphia 76ers,110,
"Wed, Apr 20, 2005",7:00p,Cleveland Cavaliers,104,Toronto Raptors,95,
"Wed, Apr 20, 2005",7:30p,Washington Wizards,105,New York Knicks,113,
"Wed, Apr 20, 2005",8:00p,Chicago Bulls,83,Indiana Pacers,85,
"Wed, Apr 20, 2005",8:00p,Dallas Mavericks,108,Memphis Grizzlies,88,
"Wed, Apr 20, 2005",8:00p,San Antonio Spurs,73,Minnesota Timberwolves,95,
"Wed, Apr 20, 2005",8:00p,Los Angeles Clippers,86,New Orleans Hornets,75,
"Wed, Apr 20, 2005",8:30p,Seattle SuperSonics,78,Houston Rockets,106,
"Wed, Apr 20, 2005",10:00p,Los Angeles Lakers,103,Portland Trail Blazers,106,
"Wed, Apr 20, 2005",10:30p,Utah Jazz,89,Golden State Warriors,106,
"Wed, Apr 20, 2005",10:30p,Phoenix Suns,107,Sacramento Kings,132,
"Sat, Apr 23, 2005",3:00p,Philadelphia 76ers,85,Detroit Pistons,106,
"Sat, Apr 23, 2005",5:30p,Houston Rockets,98,Dallas Mavericks,86,
"Sat, Apr 23, 2005",8:00p,Indiana Pacers,82,Boston Celtics,102,
"Sat, Apr 23, 2005",10:30p,Sacramento Kings,82,Seattle SuperSonics,87,
"Sun, Apr 24, 2005",3:00p,New Jersey Nets,98,Miami Heat,116,
"Sun, Apr 24, 2005",5:30p,Washington Wizards,94,Chicago Bulls,103,
"Sun, Apr 24, 2005",8:00p,Denver Nuggets,93,San Antonio Spurs,87,
"Sun, Apr 24, 2005",10:30p,Memphis Grizzlies,103,Phoenix Suns,114,
"Mon, Apr 25, 2005",7:00p,Indiana Pacers,82,Boston Celtics,79,
"Mon, Apr 25, 2005",9:30p,Houston Rockets,113,Dallas Mavericks,111,
"Tue, Apr 26, 2005",7:30p,Philadelphia 76ers,84,Detroit Pistons,99,
"Tue, Apr 26, 2005",8:00p,New Jersey Nets,87,Miami Heat,104,
"Tue, Apr 26, 2005",10:30p,Sacramento Kings,93,Seattle SuperSonics,105,
"Wed, Apr 27, 2005",8:00p,Denver Nuggets,76,San Antonio Spurs,104,
"Wed, Apr 27, 2005",8:30p,Washington Wizards,103,Chicago Bulls,113,
"Wed, Apr 27, 2005",10:30p,Memphis Grizzlies,103,Phoenix Suns,108,
"Thu, Apr 28, 2005",7:00p,Miami Heat,108,New Jersey Nets,105,2OT
"Thu, Apr 28, 2005",8:30p,Boston Celtics,76,Indiana Pacers,99,
"Thu, Apr 28, 2005",9:30p,Dallas Mavericks,106,Houston Rockets,102,
"Fri, Apr 29, 2005",8:00p,Detroit Pistons,104,Philadelphia 76ers,115,
"Fri, Apr 29, 2005",9:00p,Phoenix Suns,110,Memphis Grizzlies,90,
"Fri, Apr 29, 2005",10:30p,Seattle SuperSonics,104,Sacramento Kings,116,
"Sat, Apr 30, 2005",3:00p,Chicago Bulls,99,Washington Wizards,117,
"Sat, Apr 30, 2005",5:30p,Dallas Mavericks,97,Houston Rockets,93,
"Sat, Apr 30, 2005",8:00p,Boston Celtics,110,Indiana Pacers,79,
"Sat, Apr 30, 2005",10:30p,San Antonio Spurs,86,Denver Nuggets,78,
"Sun, May 1, 2005",1:00p,Detroit Pistons,97,Philadelphia 76ers,92,OT
"Sun, May 1, 2005",3:30p,Miami Heat,110,New Jersey Nets,97,
"Sun, May 1, 2005",8:00p,Phoenix Suns,123,Memphis Grizzlies,115,
"Sun, May 1, 2005",10:30p,Seattle SuperSonics,115,Sacramento Kings,102,
"Mon, May 2, 2005",7:30p,Chicago Bulls,99,Washington Wizards,106,
"Mon, May 2, 2005",8:00p,Houston Rockets,100,Dallas Mavericks,103,
"Mon, May 2, 2005",10:30p,San Antonio Spurs,126,Denver Nuggets,115,OT
"Tue, May 3, 2005",7:30p,Indiana Pacers,90,Boston Celtics,85,
"Tue, May 3, 2005",8:00p,Philadelphia 76ers,78,Detroit Pistons,88,
"Tue, May 3, 2005",10:30p,Sacramento Kings,118,Seattle SuperSonics,122,
"Wed, May 4, 2005",7:00p,Washington Wizards,112,Chicago Bulls,110,
"Wed, May 4, 2005",9:30p,Denver Nuggets,89,San Antonio Spurs,99,
"Thu, May 5, 2005",7:00p,Boston Celtics,92,Indiana Pacers,89,OT
"Thu, May 5, 2005",9:30p,Dallas Mavericks,83,Houston Rockets,101,
"Fri, May 6, 2005",8:00p,Chicago Bulls,91,Washington Wizards,94,
"Sat, May 7, 2005",7:00p,Indiana Pacers,97,Boston Celtics,70,
"Sat, May 7, 2005",9:30p,Houston Rockets,76,Dallas Mavericks,116,
"Sun, May 8, 2005",3:30p,Washington Wizards,86,Miami Heat,105,
"Sun, May 8, 2005",8:00p,Seattle SuperSonics,81,San Antonio Spurs,103,
"Mon, May 9, 2005",8:00p,Indiana Pacers,81,Detroit Pistons,96,
"Mon, May 9, 2005",10:30p,Dallas Mavericks,102,Phoenix Suns,127,
"Tue, May 10, 2005",7:00p,Washington Wizards,102,Miami Heat,108,
"Tue, May 10, 2005",9:30p,Seattle SuperSonics,91,San Antonio Spurs,108,
"Wed, May 11, 2005",8:00p,Indiana Pacers,92,Detroit Pistons,83,
"Wed, May 11, 2005",10:30p,Dallas Mavericks,108,Phoenix Suns,106,
"Thu, May 12, 2005",8:00p,Miami Heat,102,Washington Wizards,95,
"Thu, May 12, 2005",10:30p,San Antonio Spurs,91,Seattle SuperSonics,92,
"Fri, May 13, 2005",7:00p,Detroit Pistons,74,Indiana Pacers,79,
"Fri, May 13, 2005",9:30p,Phoenix Suns,119,Dallas Mavericks,102,
"Sat, May 14, 2005",8:00p,Miami Heat,99,Washington Wizards,95,
"Sun, May 15, 2005",3:30p,Detroit Pistons,89,Indiana Pacers,76,
"Sun, May 15, 2005",7:00p,San Antonio Spurs,89,Seattle SuperSonics,101,
"Sun, May 15, 2005",9:30p,Phoenix Suns,109,Dallas Mavericks,119,
"Tue, May 17, 2005",7:00p,Indiana Pacers,67,Detroit Pistons,86,
"Tue, May 17, 2005",9:30p,Seattle SuperSonics,90,San Antonio Spurs,103,
"Wed, May 18, 2005",9:00p,Dallas Mavericks,108,Phoenix Suns,114,
"Thu, May 19, 2005",8:00p,Detroit Pistons,88,Indiana Pacers,79,
"Thu, May 19, 2005",10:30p,San Antonio Spurs,98,Seattle SuperSonics,96,
"Fri, May 20, 2005",9:00p,Phoenix Suns,130,Dallas Mavericks,126,OT
"Sun, May 22, 2005",3:30p,San Antonio Spurs,121,Phoenix Suns,114,
"Mon, May 23, 2005",8:00p,Detroit Pistons,90,Miami Heat,81,
"Tue, May 24, 2005",9:00p,San Antonio Spurs,111,Phoenix Suns,108,
"Wed, May 25, 2005",8:00p,Detroit Pistons,86,Miami Heat,92,
"Sat, May 28, 2005",9:00p,Phoenix Suns,92,San Antonio Spurs,102,
"Sun, May 29, 2005",8:00p,Miami Heat,113,Detroit Pistons,104,
"Mon, May 30, 2005",8:30p,Phoenix Suns,111,San Antonio Spurs,106,
"Tue, May 31, 2005",8:00p,Miami Heat,96,Detroit Pistons,106,
